date,code,name,market,open,high,low,close,chg,volume,value,trades,pe,yield,pb,foreign_net,trust_net,dealer_net,inst_net,margin_bal,margin_chg,short_bal
2026-10-08,00411A,主動統一前沿科技,TPEx,11.06,11.16,11.06,11.13,-0.1,15662000,174127460,1971,,,,-315500,0,-3194768,-3510268,10360,-302,12
2026-10-08,006201,元大富櫃50,TPEx,48.38,48.38,47,47.82,-0.66,233000,11131290,135,,,,19104,-22000,-9671,-12567,187,8,25
2026-10-08,00679B,元大美債20年,TPEx,24.31,24.36,24.3,24.35,0.05,16690000,406173070,2406,,,,4256133,0,-2974243,1281890,4440,-178,5
2026-10-08,00687B,國泰20年美債,TPEx,25.27,25.31,25.25,25.29,0.05,8292000,209622140,1375,,,,2398000,0,-1302472,1095528,5820,-106,0
2026-10-08,00687C,國泰20年美債+櫃U,TPEx,8.55,8.55,8.55,8.55,-0.01,25000,213750,2,,,,0,0,0,0,,,
2026-10-08,00694B,富邦美債1-3,TPEx,41.74,41.83,41.74,41.83,0.11,350000,14618180,33,,,,0,0,-12292,-12292,0,0,0
2026-10-08,00695B,富邦美債7-10,TPEx,33.38,33.66,33.38,33.66,0.1,644000,21653350,196,,,,65000,0,111978,176978,1,0,0
2026-10-08,00696B,富邦美債20年,TPEx,26.49,26.54,26.49,26.52,0.03,1099000,29137870,83,,,,5000,0,-570590,-565590,692,0,0
2026-10-08,00697B,元大美債7-10,TPEx,33.84,33.94,33.84,33.94,0.1,202000,6846700,83,,,,2000,0,-80190,-78190,6,0,0
2026-10-08,00719B,元大美債1-3,TPEx,31.03,31.13,31.03,31.12,0.1,1131000,35154680,275,,,,28000,0,-400462,-372462,37,-43,0
2026-10-08,00720B,元大投資級公司債,TPEx,30.52,30.59,30.51,30.58,0.08,7082000,216330000,1526,,,,-2595000,0,-1139974,-3734974,1997,114,0
2026-10-08,00722B,群益投資級電信債,TPEx,32.73,32.8,32.73,32.8,0.06,656000,21504310,152,,,,10000,0,4552,14552,75,0,0
2026-10-08,00723B,群益投資級科技債,TPEx,28.04,28.12,28.03,28.11,0.07,153000,4297750,10,,,,0,0,-13000,-13000,106,0,0
2026-10-08,00724B,群益投資級金融債,TPEx,31.35,31.41,31.35,31.4,0.06,3529000,110760030,76,,,,47000,0,-57552,-10552,16,0,0
2026-10-08,00725B,國泰投資級公司債,TPEx,32.59,32.61,32.55,32.6,0.05,6797000,221495670,493,,,,1433000,0,-1130326,302674,497,-5,0
2026-10-08,00726B,國泰新興投等債,TPEx,31.02,31.06,31.01,31.03,0.03,304000,9436040,21,,,,188000,0,-180005,7995,3,0,0
2026-10-08,00727B,國泰優選非投等債,TPEx,38.98,39.06,38.98,39.06,0.05,112000,4374370,12,,,,-4000,0,-3825,-7825,1,0,0
2026-10-08,00734B,台新JPM新興債,TPEx,14.81,14.84,14.8,14.84,0.03,110000,1631000,5,,,,57000,0,-57000,0,0,0,0
2026-10-08,00740B,富邦全球投等債,TPEx,35.6,35.62,35.58,35.6,0.01,2233000,79498090,161,,,,674000,0,704819,1378819,41,0,0
2026-10-08,00741B,富邦全球非投等債,TPEx,36.53,36.75,36.53,36.75,0.05,144000,5287850,13,,,,30000,0,-31104,-1104,0,0,0
2026-10-08,00746B,富邦A級公司債,TPEx,33.08,33.1,33.05,33.1,0.09,194000,6416400,14,,,,76000,0,-91940,-15940,0,0,0
2026-10-08,00749B,凱基新興債10+,TPEx,29.37,29.37,29.34,29.34,0,101000,2966340,3,,,,0,0,0,0,0,0,0
2026-10-08,00750B,凱基科技債10+,TPEx,30.41,30.41,30.39,30.39,0.05,101000,3069410,3,,,,-1000,0,1000,0,0,0,0
2026-10-08,00751B,元大AAA至A公司債,TPEx,28.58,28.6,28.55,28.59,0.05,4740000,135434370,785,,,,-46950,0,-202801,-249751,2302,-10,1
2026-10-08,00754B,群益AAA-AA公司債,TPEx,30,30.02,29.98,30.01,0.05,216000,6478680,13,,,,94000,0,-115217,-21217,5,0,0
2026-10-08,00755B,群益投資級公用債,TPEx,30.19,30.19,30.15,30.18,0.07,107000,3229700,9,,,,-3000,0,-489,-3489,0,0,0
2026-10-08,00756B,群益投等新興公債,TPEx,28.72,28.73,28.67,28.73,0,124000,3560940,14,,,,0,0,13671,13671,21,0,0
2026-10-08,00758B,復華能源債,TPEx,48,48,48,48,0.21,100000,4800000,2,,,,0,0,0,0,0,0,0
2026-10-08,00759B,復華製藥債,TPEx,50.4,50.4,50.35,50.35,0.1,101000,5090350,3,,,,0,0,0,0,0,0,0
2026-10-08,00760B,復華新興企業債,TPEx,49.9,49.9,49.86,49.86,0.13,101000,5039860,3,,,,0,0,-83,-83,0,0,0
2026-10-08,00761B,國泰A級公司債,TPEx,31.33,31.66,31.33,31.65,0.07,165000,5219870,29,,,,35000,0,-5000,30000,24,0,0
2026-10-08,00764B,群益25年美債,TPEx,25.22,25.25,25.21,25.23,0.03,3279000,82757280,100,,,,-11000,0,117623,106623,31,0,0
2026-10-08,00768B,復華20年美債,TPEx,45.22,45.26,45.2,45.25,0.05,299000,13524620,20,,,,119000,0,-48237,70763,544,0,0
2026-10-08,00772B,中信高評級公司債,TPEx,30.87,30.93,30.87,30.92,0.05,1817000,56157420,318,,,,975000,0,-156500,818500,891,0,0
2026-10-08,00773B,中信優先金融債,TPEx,33.15,33.19,33.12,33.19,0.1,864000,28650610,84,,,,383000,0,-295148,87852,13,9,0
2026-10-08,00777B,凱基AAA至A公司債,TPEx,29.67,29.73,29.67,29.73,0.08,110000,3269700,3,,,,-10000,0,10000,0,5,0,0
2026-10-08,00778B,凱基金融債20+,TPEx,31.52,31.52,31.52,31.52,0.04,100000,3152000,2,,,,0,0,0,0,0,0,0
2026-10-08,00779B,凱基美債25+,TPEx,25.43,25.46,25.42,25.43,-0.01,329000,8375280,7,,,,0,0,22000,22000,0,0,0
2026-10-08,00780B,國泰A級金融債,TPEx,35.29,35.35,35.29,35.35,0.09,104000,3676200,6,,,,0,0,3488,3488,0,0,0
2026-10-08,00781B,國泰A級科技債,TPEx,25.48,25.5,25.48,25.49,0.01,132000,3364660,16,,,,1000,0,-293,707,19,-9,0
2026-10-08,00782B,國泰A級公用債,TPEx,28.09,28.15,28.09,28.13,0.07,164000,4612980,20,,,,1000,0,-18200,-17200,12,0,0
2026-10-08,00785B,富邦金融投等債,TPEx,32.37,32.65,32.37,32.65,0,51000,1664870,3,,,,1000,0,0,1000,1,0,0
2026-10-08,00786B,元大10年IG銀行債,TPEx,30.4,30.45,30.4,30.45,0.05,18000,547680,6,,,,0,0,18000,18000,6,0,0
2026-10-08,00787B,元大10年IG醫療債,TPEx,30.02,30.05,30.01,30.05,0.09,9000,270280,7,,,,-1000,0,8003,7003,0,0,0
2026-10-08,00788B,元大10年IG電能債,TPEx,27.95,27.95,27.95,27.95,0.07,1000,27950,1,,,,0,0,-1000,-1000,0,0,0
2026-10-08,00789B,復華公司債A3,TPEx,44.01,44.03,44.01,44.03,0.08,101000,4445030,3,,,,0,0,20,20,0,0,0
2026-10-08,00791B,復華信用債1-5,TPEx,56.45,56.45,56.45,56.45,0.2,101000,5701450,3,,,,0,0,0,0,0,0,0
2026-10-08,00792B,群益A級公司債,TPEx,28.89,29.01,28.89,28.9,0.09,195000,5639770,17,,,,-11000,0,75000,64000,0,0,0
2026-10-08,00795B,中信美國公債20年,TPEx,24.42,24.48,24.42,24.44,0.03,2611000,63822820,352,,,,1041000,0,-785165,255835,1738,-1,0
2026-10-08,00799B,國泰A級醫療債,TPEx,27.24,27.27,27.23,27.26,0.07,259000,7057420,30,,,,-13000,0,54996,41996,14,0,0
2026-10-08,00834B,第一金金融債10+,TPEx,31.88,31.88,31.88,31.88,0.09,100000,3188000,2,,,,0,0,0,0,0,0,0
2026-10-08,00836B,永豐10年A公司債,TPEx,26.23,26.23,26.23,26.23,0.03,1000,26230,1,,,,0,0,0,0,0,0,0
2026-10-08,00840B,凱基IG精選15+,TPEx,27.34,27.38,27.34,27.38,0.06,107000,2929380,3,,,,-7000,0,7000,0,0,0,0
2026-10-08,00841B,凱基AAA-AA公司債,TPEx,26.04,26.11,26.04,26.11,0.03,101000,2637040,3,,,,0,0,1000,1000,0,0,0
2026-10-08,00842B,台新美元銀行債,TPEx,27.95,27.99,27.95,27.97,0.02,21000,587320,15,,,,7000,0,1990,8990,5,0,0
2026-10-08,00844B,台新15年IG金融債,TPEx,29.03,29.06,29.03,29.06,0.03,85000,2469950,5,,,,0,0,4992,4992,0,0,0
2026-10-08,00845B,富邦新興投等債,TPEx,31.41,31.46,31.41,31.43,0.02,122000,3837090,5,,,,20000,0,-21000,-1000,0,0,0
2026-10-08,00846B,富邦歐洲銀行債,TPEx,33.95,34.06,33.95,34,0.03,141000,4798760,7,,,,0,0,13765,13765,0,0,0
2026-10-08,00848B,中信新興亞洲債,TPEx,32.11,32.18,32.11,32.15,0.08,583000,18748060,20,,,,78000,0,-77100,900,0,0,0
2026-10-08,00849B,中信EM主權債0-5,TPEx,37.21,37.32,37.21,37.32,0.08,503000,18767740,17,,,,1000,0,-271,729,0,0,0
2026-10-08,00853B,統一美債10年Aa-A,TPEx,25.24,25.29,25.24,25.29,0.04,1057000,26724950,39,,,,30000,0,23803,53803,0,-2,0
2026-10-08,00856B,永豐1-3年美公債,TPEx,37.2,37.29,37.2,37.29,0.09,3000,111770,3,,,,2000,0,0,2000,0,0,0
2026-10-08,00857B,永豐20年美公債,TPEx,21.01,21.03,20.99,21.02,0.04,517000,10862520,78,,,,21000,0,262980,283980,77,0,0
2026-10-08,00858,永豐美國500大,TPEx,36.84,36.9,36.8,36.9,0,113000,4164610,68,,,,0,0,34173,34173,25,0,0
2026-10-08,00859B,群益0-1年美債,TPEx,40.7,40.8,40.7,40.8,0.11,2928000,119334850,96,,,,185000,0,-210960,-25960,16,0,0
2026-10-08,00860B,群益1-5Y投資級債,TPEx,37.81,37.84,37.81,37.84,0.1,101000,3819840,5,,,,-1000,0,1000,0,0,0,0
2026-10-08,00862B,中信投資級公司債,TPEx,28.95,28.98,28.94,28.98,0.07,436000,12622610,16,,,,11000,0,-26000,-15000,4,0,0
2026-10-08,00863B,中信全球電信債,TPEx,29.25,29.25,29.18,29.23,0.07,657000,19199190,17,,,,-106000,0,104000,-2000,0,0,0
2026-10-08,00864B,中信美國公債0-1,TPEx,46.21,46.33,46.21,46.31,0.1,673000,31147050,113,,,,25000,0,-81000,-56000,6,-1,0
2026-10-08,00867B,台新A-BBB電信債,TPEx,28.41,28.41,28.41,28.41,0.03,1200000,34092000,8,,,,0,0,-33,-33,0,0,0
2026-10-08,00870B,元大15年EM主權債,TPEx,25.97,25.97,25.95,25.97,-0.04,72000,1869240,5,,,,70000,0,-72213,-2213,0,0,0
2026-10-08,00877,復華中國5G,TPEx,34.99,35.34,33.86,33.86,-1.13,5933000,204547270,2352,,,,43000,0,-2607754,-2564754,6774,-548,28
2026-10-08,00884B,中信低碳新興債,TPEx,27.15,27.17,27.15,27.17,0.01,430000,11678500,14,,,,20000,0,-30361,-10361,0,0,0
2026-10-08,00886,永豐美國科技,TPEx,49.9,49.9,49.89,49.89,-0.01,30000,1496800,3,,,,0,0,9838,9838,0,0,0
2026-10-08,00887,永豐中國科技50大,TPEx,15.1,15.25,14.87,14.87,-0.23,5917000,88648920,1418,,,,383000,0,85043,468043,19872,-1016,112
2026-10-08,00888,永豐台灣ESG,TPEx,36.76,36.82,36.57,36.69,-0.17,4663000,171091220,2026,,,,-1109607,0,-878961,-1988568,2090,-7,36
2026-10-08,00890B,凱基ESG BBB債15+,TPEx,29.7,29.74,29.7,29.74,0,153000,4548660,6,,,,103000,0,-100000,3000,0,0,0
2026-10-08,00928,中信上櫃ESG 30,TPEx,35.31,35.31,34.43,35.11,-0.3,490000,17123410,157,,,,-1000,0,-90079,-91079,351,-1,5
2026-10-08,00931B,統一美債20年,TPEx,12.31,12.32,12.29,12.29,0,3122000,38401500,312,,,,243000,0,-618645,-375645,2809,-73,0
2026-10-08,00933B,國泰10Y+金融債,TPEx,14.84,14.88,14.84,14.88,0.05,5596000,83180060,908,,,,-7000,0,-1384810,-1391810,231,11,0
2026-10-08,00937B,群益ESG投等債20+,TPEx,13.59,13.61,13.58,13.6,0.02,32518000,442147160,5707,,,,125000,0,-6893669,-6768669,27106,40,100
2026-10-08,00942B,台新美A公司債20+,TPEx,13.04,13.08,13.04,13.08,0.04,469000,6128740,66,,,,290000,0,-231431,58569,24,0,0
2026-10-08,00948B,中信優息投資級債,TPEx,8.71,8.73,8.7,8.71,0.01,8600000,74966840,1401,,,,435000,0,-6057000,-5622000,724,0,0
2026-10-08,00950B,凱基A級公司債,TPEx,13,13.02,12.99,13.01,0.05,5390000,70097090,918,,,,-177000,0,-4033315,-4210315,271,0,0
2026-10-08,00955,中信日本商社,TPEx,15.55,15.69,15.46,15.68,-0.2,2312000,35984850,789,,,,-235698,0,66273,-169425,1067,7,4
2026-10-08,00957B,兆豐US優選投等債,TPEx,12.34,12.36,12.33,12.33,0,132000,1628620,23,,,,0,0,-6741,-6741,4,0,0
2026-10-08,00958B,永豐ESG銀行債15+,TPEx,8.53,8.57,8.53,8.57,0.04,206000,1762040,33,,,,119000,0,-6411,112589,11,0,0
2026-10-08,00959B,大華投等美債15Y+,TPEx,8.61,8.63,8.61,8.63,0.02,1157000,9968650,128,,,,214000,0,-357206,-143206,507,-41,0
2026-10-08,00966B,統一ESG投等債15+,TPEx,12.8,12.83,12.8,12.83,0.03,157000,2012440,15,,,,13000,0,32478,45478,61,0,0
2026-10-08,00967B,元大優息美債,TPEx,8.42,8.43,8.41,8.42,0,279000,2349730,41,,,,0,0,-91347,-91347,13,0,0
2026-10-08,00968B,元大優息投等債,TPEx,8.58,8.58,8.56,8.58,0.02,521000,4466040,67,,,,-5000,0,-345903,-350903,26,0,0
2026-10-08,00969B,元大零息超長美債,TPEx,7.24,7.25,7.22,7.23,-0.01,471000,3407460,57,,,,140000,0,-88393,51607,96,0,0
2026-10-08,00970B,台新BBB投等債20+,TPEx,8.6,8.63,8.6,8.63,0.01,770000,6632020,72,,,,430000,0,-651579,-221579,326,0,0
2026-10-08,009806,台新標普500,TPEx,13.99,13.99,13.97,13.98,-0.01,48000,670910,8,,,,0,0,-30374,-30374,0,0,0
2026-10-08,009807,台新標普科技精選,TPEx,18.38,18.38,18.34,18.34,-0.04,3000,55060,3,,,,0,0,361,361,2,0,0
2026-10-08,00980B,台新特選IG債10+,TPEx,8.74,8.75,8.74,8.75,0.02,147000,1284790,12,,,,0,0,26676,26676,0,0,0
2026-10-08,00980D,主動聯博投等入息,TPEx,19.36,19.36,19.33,19.36,0,848000,16393730,53,,,,0,0,-98108,-98108,330,0,0
2026-10-08,00980T,平衡凱基美國TOP,TPEx,12.27,12.32,12.27,12.3,0.03,61000,750940,27,,,,17000,0,30128,47128,6,0,0
2026-10-08,009814,富邦標普500,TPEx,11.6,11.6,11.56,11.6,-0.01,1025000,11875190,160,,,,0,0,-264166,-264166,41,10,0
2026-10-08,009815,大華美國MAG7+,TPEx,12.34,12.35,12.31,12.33,0,1690000,20840910,310,,,,0,0,267301,267301,798,1,1
2026-10-08,00981B,第一金優選非投債,TPEx,8.95,8.96,8.93,8.95,0.01,14703000,131539850,665,,,,6699069,0,-8220257,-1521188,11613,35,0
2026-10-08,00981D,主動中信非投等債,TPEx,10.13,10.13,10.08,10.12,0.02,707000,7138510,140,,,,52000,0,133879,185879,4060,0,0
2026-10-08,009822,華南永昌未來金融,TPEx,9.39,9.39,9.31,9.32,-0.13,104000,969690,61,,,,-1000,0,-16085,-17085,122,14,0
2026-10-08,009823,群益S&P500,TPEx,10.63,10.65,10.61,10.64,0,1949000,20726840,678,,,,-17000,0,-436741,-453741,148,-34,0
2026-10-08,009825,聯邦美國金融創新,TPEx,9.7,9.71,9.7,9.71,-0.06,47000,456320,13,,,,-1000,0,-1603,-2603,14,0,0
2026-10-08,00982B,FT投資級債20+,TPEx,9.01,9.01,9.01,9.01,0,2000,18020,2,,,,1000,0,275,1275,100,0,0
2026-10-08,00983B,大華優利美公債20,TPEx,14.18,14.2,14.18,14.19,0.01,816000,11577350,29,,,,14000,0,20603,34603,6,0,0
2026-10-08,00984B,大華優利美A債15,TPEx,14.97,14.98,14.95,14.98,0.03,713000,10671300,72,,,,359000,0,-342168,16832,374,0,0
2026-10-08,00985D,主動貝萊德優投等,TPEx,9.39,9.41,9.39,9.41,0.03,1148000,10785400,82,,,,148000,0,-349531,-201531,44,1,0
2026-10-08,00986B,FT金融債10+,TPEx,9.07,9.11,9.07,9.09,-0.06,15000,136430,10,,,,0,0,-6708,-6708,0,0,0
2026-10-08,00986D,主動復華金融債息,TPEx,13.83,13.86,13.83,13.84,0.01,482000,6670740,47,,,,350000,0,-94000,256000,8,0,0
2026-10-08,00987B,野村10+澳洲公債,TPEx,15.4,15.4,15.2,15.21,0.04,289000,4398030,30,,,,3000,0,184598,187598,15,0,0
2026-10-08,00987D,主動統一美債量化,TPEx,9.38,9.4,9.37,9.38,0.02,4599000,43137110,119,,,,0,0,-18537,-18537,57,6,0
2026-10-08,00988B,玉山嚴選非投債,TPEx,19.03,19.04,19,19.03,-0.01,922000,17534310,179,,,,-11000,0,-593072,-604072,4455,120,0
2026-10-08,00989B,台新美國非投等債,TPEx,9.86,9.86,9.84,9.86,0,3405000,33544070,148,,,,0,0,-604748,-604748,238,-30,0
2026-10-08,00990B,國泰收益非投等債,TPEx,9.86,9.86,9.83,9.84,-0.01,1900000,18705230,287,,,,26000,0,-285271,-259271,444,0,0
2026-10-08,00992B,街口優息非投債,TPEx,9.83,9.83,9.49,9.79,-0.2,6361000,62145440,253,,,,0,0,328489,328489,0,0,0
2026-10-08,00998A,主動復華金融股息,TPEx,16.13,16.13,16.07,16.1,-0.67,45697000,735243780,11139,,,,-4211900,0,-29779137,-33991037,3646,175,2895
2026-10-08,020001,富邦存股雙十N,TPEx,28.93,28.93,28.93,28.93,-0.57,1000,28930,1,,,,0,0,1000,1000,,,
2026-10-08,020025,統一亞洲半導體N,TPEx,41.16,41.38,41.01,41.01,-0.33,8000,329230,6,,,,0,0,-4000,-4000,,,
2026-10-08,020033,統一恒生科期N,TPEx,3.33,3.33,3.27,3.29,-0.05,118000,392100,6,,,,0,0,-24000,-24000,,,
2026-10-08,020035,元大上櫃ESG高息N,TPEx,,,,,,0,0,0,,,,,,,,,,
2026-10-08,020040,元大上櫃ESG龍頭N,TPEx,,,,,,0,0,0,,,,,,,,,,
2026-10-08,020041,兆豐半導體氣候N,TPEx,21.07,21.8,20.85,21.77,-0.24,36000,776140,13,,,,0,0,2000,2000,,,
2026-10-08,1240,茂生農經,TPEx,54.2,54.2,53.7,53.8,-0.1,11000,593400,10,10,0.93,1.59,-1000,0,0,-1000,15,0,0
2026-10-08,1259,安心,TPEx,65.5,65.5,64.2,64.2,-1.3,12000,775000,12,18.14,1.87,0.74,0,0,0,0,41,0,0
2026-10-08,1264,德麥,TPEx,249.5,250,249,249.5,0,27000,6741000,19,11.77,6.01,2.6,4159,0,-12000,-7841,8,-3,0
2026-10-08,1268,漢來美食,TPEx,175,175,174,174.5,-0.5,15000,2615500,15,13.24,4.58,3.07,-4000,0,0,-4000,17,0,0
2026-10-08,1294,漢田生技,TPEx,49.35,49.65,49.35,49.65,-0.35,15000,741400,12,10.17,10.07,1.83,2400,0,0,2400,152,1,0
2026-10-08,1295,生合,TPEx,50.5,51.2,49.55,50.1,-0.1,62000,3125900,49,12.16,5.99,1.32,-12000,0,0,-12000,152,1,0
2026-10-08,1336,台翰,TPEx,18.05,18.15,17.8,17.8,-0.3,163000,2925050,121,23.73,1.46,0.73,-865,0,0,-865,2440,3,0
2026-10-08,1565,精華,TPEx,97.7,97.8,96.9,97.5,0.2,381000,37092900,267,12.14,5.95,0.77,-132000,0,-2720,-134720,1266,2,0
2026-10-08,1569,濱川,TPEx,70.9,72.2,68.7,70,-2.2,4380000,305658900,2694,,0,3.4,-1526779,0,3527,-1523252,13867,67,468
2026-10-08,1570,力肯,TPEx,32.25,32.65,32.25,32.65,-0.1,17000,550150,10,47.32,3.06,1.62,3250,0,0,3250,1888,0,0
2026-10-08,1580,新麥,TPEx,96.2,97,96.2,97,0.8,81000,7836600,58,8.46,8.76,1.54,41000,0,0,41000,33,-1,0
2026-10-08,1584,精剛,TPEx,18.1,18.2,17.7,17.8,-0.3,791000,14169050,424,30.69,1.45,0.86,133000,0,-209,132791,5169,39,33
2026-10-08,1586,和勤,TPEx,17.75,17.95,17.7,17.8,0,158000,2810000,110,48.11,0,0.9,-37000,0,0,-37000,19402,40,5
2026-10-08,1591,駿吉-KY,TPEx,40.65,42.15,40.55,41.4,0.75,106000,4399950,88,,0,3.51,46036,0,0,46036,1269,-4,8
2026-10-08,1593,祺驊,TPEx,31.6,31.6,31.55,31.55,0,5000,157900,5,8.03,6.34,0.92,,,,,108,0,0
2026-10-08,1595,川寶,TPEx,72.3,75.3,72.3,73.4,1.1,1521000,112379000,1161,,0.64,1.51,-374536,0,-24770,-399306,3512,49,26
2026-10-08,1599,宏佳騰,TPEx,22.65,22.75,22.5,22.55,-0.25,28000,632000,23,,2.22,0.88,2000,0,0,2000,275,0,0
2026-10-08,1742,台蠟,TPEx,17.65,17.65,17.4,17.6,-0.1,14000,246400,12,,0,1.28,,,,,4669,2,0
2026-10-08,1777,生泰,TPEx,74.8,76,74.8,75.7,0.2,16000,1210000,15,10.19,5.28,1.31,-2000,0,0,-2000,63,-2,0
2026-10-08,1780,立弘,TPEx,24.65,24.75,24.6,24.65,0.05,44000,1086000,29,14.85,5.07,1.77,-1000,0,0,-1000,,,
2026-10-08,1781,合世,TPEx,9.99,10.9,9.99,10.9,0.97,639000,6900510,286,,0,1.7,71000,0,0,71000,0,0,0
2026-10-08,1784,訊聯,TPEx,59.3,60.3,59.1,59.3,-0.7,53000,3167700,47,54.91,1.49,2.41,19000,0,496,19496,1056,-6,0
2026-10-08,1785,光洋科,TPEx,105,105.5,103,103.5,-3.5,8696000,905641500,5773,15.47,1.93,3.8,-1959024,8000,-55,-1951079,30390,44,122
2026-10-08,1788,杏昌,TPEx,127,128,127,127.5,0.5,48000,6101500,29,14.49,5.49,1.92,9000,0,0,9000,1,0,0
2026-10-08,1796,金穎生技,TPEx,30.3,30.3,29.5,29.5,-0.5,10000,296300,6,71.95,2.37,1.56,-2000,0,0,-2000,372,0,0
2026-10-08,1799,易威,TPEx,28.2,29,28.15,28.6,0.6,135000,3862950,95,,0,5.03,39167,0,0,39167,344,0,0
2026-10-08,1813,寶利徠,TPEx,11.2,11.5,11.1,11.1,-0.05,37000,418250,20,48.26,0,0.75,,,,,11,2,0
2026-10-08,1815,富喬,TPEx,132.5,139.5,129,135,2.5,95737000,12919032500,54320,39.13,0.74,5.76,-1748608,24000,391924,-1332684,48810,-417,847
2026-10-08,2035,唐榮,TPEx,26.65,27.65,26.65,27.65,0.05,3000,81900,3,,0,3.93,,,,,0,0,0
2026-10-08,2061,風青,TPEx,68.4,68.8,66,67.3,-1.1,2215000,148930400,1391,59.56,0,5.69,-445700,0,-1020,-446720,5464,112,47
2026-10-08,2063,世鎧,TPEx,23.55,23.6,23.35,23.55,0,36000,844100,22,12.87,6.37,1.18,0,0,-305,-305,44,-1,0
2026-10-08,2064,晉椿,TPEx,11.85,11.9,11.85,11.9,0,10000,118550,5,595,0,0.89,4000,0,0,4000,58,0,0
2026-10-08,2065,世豐,TPEx,35.7,36.05,35.4,35.8,0.1,65000,2314900,42,9.4,4.19,1.26,-1000,0,0,-1000,31,0,0
2026-10-08,2066,世德,TPEx,51.6,52.2,51.6,52.2,0.4,21000,1086600,10,14.3,4.12,1.07,13000,0,0,13000,3562,-6,0
2026-10-08,2070,精湛,TPEx,62.3,62.5,61.9,61.9,-0.4,46000,2857800,35,22.51,2.42,2.19,-14000,0,0,-14000,1442,-1,0
2026-10-08,2073,雄順,TPEx,,,,,,0,0,0,,1.17,1.79,,,,,,,
2026-10-08,2221,大甲,TPEx,188.5,195,188.5,192,2.5,552000,105752500,451,63.37,0.78,7.49,-15878,0,-9000,-24878,1464,-12,1060
2026-10-08,2230,泰茂,TPEx,21.75,23.45,21.75,22.3,0.55,171000,3843400,103,,2.73,1.41,-51000,0,-12,-51012,3457,11,5
2026-10-08,2235,謚源,TPEx,28.3,28.5,28.3,28.5,0.05,2000,56800,2,20.96,5.26,0.85,,,,,7,0,0
2026-10-08,2596,綠意,TPEx,34.5,34.5,33.75,34.15,0.1,52000,1777000,28,12.51,4.39,1.58,-2000,0,0,-2000,2313,-4,0
2026-10-08,2640,大車隊,TPEx,155,156.5,155,155,0,12000,1868000,10,16.28,5.16,4.59,-7000,0,0,-7000,492,0,0
2026-10-08,2641,正德,TPEx,17.15,17.3,17.15,17.2,-0.05,662000,11399900,289,7.45,2.91,0.68,152000,0,-1370,150630,10717,-37,263
2026-10-08,2643,捷迅,TPEx,62.8,62.9,62.2,62.9,-0.1,6000,376000,6,8.76,7.15,1.13,-2000,0,0,-2000,144,0,0
2026-10-08,2718,全心投控,TPEx,,,,,,0,0,0,3.81,14.03,0.56,0,-428,-110,-538,341,0,0
2026-10-08,2719,燦星旅,TPEx,19.15,19.35,19.15,19.35,0.2,8000,153750,7,28.04,0,1.79,1000,0,-980,20,121,0,0
2026-10-08,2724,藝舍-KY,TPEx,12.45,13.2,12.4,13.2,-0.3,3000,38050,3,,0,1.78,,,,,0,0,0
2026-10-08,2726,雅茗-KY,TPEx,7.98,7.99,7.92,7.98,-0.02,42000,334470,34,,0,0.86,,,,,274,0,0
2026-10-08,2729,瓦城,TPEx,154,154.5,153.5,154.5,0,9000,1386000,9,25.37,4.49,2.9,4000,0,0,4000,32,0,0
2026-10-08,2732,六角,TPEx,63.2,63.2,63,63.2,0,13000,820300,11,18.37,5.54,1.59,3000,0,0,3000,309,0,0
2026-10-08,2734,易飛網,TPEx,14.5,14.65,14.4,14.65,0.35,177000,2568450,59,,0,1.28,60000,0,0,60000,575,23,0
2026-10-08,2736,富野,TPEx,11.05,11.25,11.05,11.15,0,33000,367600,18,,0,0.65,-2000,0,0,-2000,486,2,0
2026-10-08,2740,華軒,TPEx,31.35,31.35,31.35,31.35,-0.15,1000,31350,1,,0,4.1,,,,,,,
2026-10-08,2743,山富,TPEx,51.9,52,51,51.9,0.4,27000,1395900,27,14.1,6.17,2.14,5000,0,-900,4100,587,-1,2
2026-10-08,2745,五福,TPEx,85.8,86.1,85.7,86,0.2,43000,3693900,38,8.73,8.72,3.17,5000,0,-3000,2000,445,0,12
2026-10-08,2751,王座,TPEx,57.2,57.2,54.6,56.1,1.8,24000,1347800,22,11.11,7.11,2.57,1000,0,0,1000,5,0,0
2026-10-08,2752,豆府,TPEx,179.5,180,179.5,180,1.5,3000,539500,3,11.04,7.5,3.88,,,,,,,
2026-10-08,2754,亞洲藏壽司,TPEx,67.3,67.3,67.3,67.3,0,7000,471100,5,15.33,1.49,1.73,-2000,0,0,-2000,339,5,0
2026-10-08,2755,揚秦,TPEx,98.1,98.1,96.8,98,0,23000,2242100,19,13.76,6.04,3.33,1000,0,-75,925,28,1,0
2026-10-08,2756,聯發國際,TPEx,60.2,61.3,59,61.1,-0.3,95000,5702800,77,14.51,5.4,2.7,-3000,0,0,-3000,687,13,3
2026-10-08,2916,滿心,TPEx,40.5,40.6,40.5,40.6,0.1,10000,405450,10,10.46,8.87,1.7,,,,,100,0,0
2026-10-08,2924,宏太-KY,TPEx,18.15,18.15,18.15,18.15,-0.1,1000,18150,1,,0,2.09,,,,,2,0,0
2026-10-08,2926,誠品生活,TPEx,29.95,30.2,29.4,30.2,0,6000,179900,5,47.94,1.52,2.32,1000,0,0,1000,6,0,0
2026-10-08,2937,集雅社,TPEx,45,45,45,45,0,2000,90000,2,11.03,6.89,1.79,-500,0,0,-500,,,
2026-10-08,2938,床的世界,TPEx,18.3,18.55,18.3,18.55,0.25,54000,996200,29,12.79,3.33,0.54,,,,,,,
2026-10-08,2941,米斯特,TPEx,31.85,31.85,30,31.15,-0.2,7000,213400,7,13.26,7.32,1.39,,,,,,,
2026-10-08,2947,振宇五金,TPEx,60.6,60.7,60.2,60.2,-0.3,15000,905000,14,18.3,1.66,1.58,,,,,,,
2026-10-08,2948,寶陞,TPEx,36.4,36.8,36.4,36.8,0.4,3000,109800,3,17.04,6.12,1.12,,,,,,,
2026-10-08,2949,欣新網,TPEx,64.8,64.8,64.8,64.8,1.8,1000,64800,1,18.31,3.13,1.82,,,,,,,
2026-10-08,3064,泰偉,TPEx,14.9,14.95,14.9,14.95,0.35,2000,29850,2,,0,3.82,,,,,0,0,0
2026-10-08,3066,李洲,TPEx,27.6,28.25,27.05,27.15,0.15,1029000,28315400,676,4.53,0,1.36,-94690,0,0,-94690,1037,-49,1
2026-10-08,3067,全域,TPEx,16.5,16.5,16.3,16.3,-0.6,7000,114400,3,543.33,0,1.32,,,,,,,
2026-10-08,3071,協禧,TPEx,22.85,22.85,22.5,22.75,0.15,181000,4103550,110,39.22,3.52,1.62,-47000,0,-185,-47185,4021,-1,1
2026-10-08,3073,天方能源,TPEx,20.45,22.45,20.4,22.45,2,44000,940750,36,,0,1.33,16000,0,-697,15303,624,-1,5
2026-10-08,3078,僑威,TPEx,46.4,46.55,46,46.55,0.45,331000,15323950,256,12.93,8.59,1.55,54181,-4587,0,49594,4606,-16,86
2026-10-08,3081,聯亞,TPEx,3075,3120,2955,2960,-180,2756000,8275755000,2469,254.73,0.14,58.03,-284436,-92800,-11038,-388274,6294,161,127
2026-10-08,3083,網龍,TPEx,23.2,23.2,22.95,22.95,-0.1,22000,506950,20,31.44,1.44,1.53,1000,0,-620,380,1121,-2,0
2026-10-08,3086,華義*,TPEx,26.5,27.35,26.5,27,-0.4,44000,1188850,35,,0,24.55,13000,0,-585,12415,6505,0,10
2026-10-08,3088,艾訊,TPEx,131.5,134,131.5,132,-2,481000,63608000,373,16.54,2.22,2.64,-65116,0,-10598,-75714,2177,12,112
2026-10-08,3093,港建*,TPEx,46.5,46.7,45.8,46.15,-0.35,135000,6225500,116,47.09,2.49,4.26,-4000,0,171,-3829,6097,-12,1
2026-10-08,3095,及成,TPEx,33,33,32.65,32.65,-0.25,5000,163850,5,13.44,0,2.63,0,0,31,31,360,-1,0
2026-10-08,3105,穩懋,TPEx,578,592,566,581,-7,16134000,9353127000,13187,68.27,0.34,5.62,4286305,-4265300,207316,228321,45062,-198,1206
2026-10-08,3114,好德,TPEx,39.55,39.55,38.2,38.35,-1.2,694000,26820250,509,11.87,3.65,1.5,44885,0,-689,44196,1183,-16,16
2026-10-08,3115,富榮綱,TPEx,8.07,8.11,8,8,-0.12,23000,185200,13,,0,1.07,,,,,,,
2026-10-08,3118,進階,TPEx,31.3,31.4,31.1,31.3,0,16000,500650,13,13.38,7.03,1.88,,,,,28,0,0
2026-10-08,3122,笙泉,TPEx,24.1,24.1,23.7,23.95,-0.2,32000,763900,23,,0,3.02,,,,,43,0,0
2026-10-08,3128,昇銳,TPEx,20.1,20.3,20.05,20.2,0.1,32000,644150,29,17.57,4.95,1.23,4333,0,0,4333,1788,-6,0
2026-10-08,3131,弘塑,TPEx,2410,2465,2390,2465,15,205000,499205000,199,43.64,1.87,22.42,6786,-12935,-2369,-8518,463,9,0
2026-10-08,3141,晶宏,TPEx,81.5,81.9,78.6,79.1,-2.4,1406000,112120900,1131,25.93,0.45,2.13,-257436,0,-8110,-265546,7396,-12,325
2026-10-08,3147,大綜,TPEx,290,318,289.5,308,13,2545000,782371500,2089,19.14,2.11,6.96,152580,0,-43972,108608,2671,195,22
2026-10-08,3152,璟德,TPEx,243,243,238.5,243,0.5,62000,14978500,58,26.91,2.93,2.6,20169,0,328,20497,705,4,0
2026-10-08,3158,嘉實,TPEx,85,85,85,85,-0.1,2000,170000,2,11.82,7.65,2.73,,,,,,,
2026-10-08,3162,精確,TPEx,83.1,83.4,81.3,82.2,-0.9,1169000,95989200,815,130.48,1.05,3.08,-349171,0,-5106,-354277,6332,94,13
2026-10-08,3163,波若威,TPEx,699,700,678,689,-13,1547000,1060730000,1388,70.31,0.51,16.89,-111190,0,-41005,-152195,8350,84,74
2026-10-08,3169,亞信,TPEx,109,109,106,106.5,-2.5,128000,13695500,115,27.95,3,3.81,-48880,0,-39,-48919,1185,5,0
2026-10-08,3171,炎洲流通,TPEx,57.8,58,57.8,58,0.3,3000,173800,2,9.6,8,3.1,,,,,68,-1,0
2026-10-08,3176,基亞,TPEx,38.55,39.7,38.3,38.7,0.35,498000,19378650,328,,0,3.65,112884,0,0,112884,743,-85,7
2026-10-08,3178,公準,TPEx,67.4,67.7,66.4,67.5,0.4,51000,3428200,46,210.94,0,2.51,-6000,0,-159,-6159,1151,2,2
2026-10-08,3188,鑫龍騰,TPEx,22.55,23,22.5,22.85,0.3,106000,2419950,84,3.23,13.98,1.28,5000,0,473,5473,2846,-12,5
2026-10-08,3191,雲嘉南,TPEx,17.45,17.5,17.45,17.45,0,6000,104750,6,22.09,0,3.12,,,,,0,0,0
2026-10-08,3205,佰研,TPEx,46.8,46.8,46.2,46.6,0.05,16000,743350,16,,0,3.14,4000,0,204,4204,1581,1,2
2026-10-08,3206,志豐,TPEx,34.4,34.45,33.9,34.2,0,19000,648000,11,19.77,4.39,1.3,6000,0,0,6000,819,0,0
2026-10-08,3207,耀勝,TPEx,39.05,39.7,38.9,39.25,0.15,124000,4876700,99,,0,1.53,34000,0,0,34000,4029,2,3
2026-10-08,3211,順達,TPEx,386,395.5,378,388,-1.5,2847000,1106254500,2287,52.29,2.96,6.69,222391,-2200,62696,282887,7430,-210,221
2026-10-08,3213,茂訊,TPEx,123.5,124,123,123.5,0,101000,12464000,86,12.88,5.67,1.86,-16000,0,-1342,-17342,991,-9,0
2026-10-08,3217,優群,TPEx,128,128.5,127,127,-1.5,241000,30795500,186,10.06,7.87,2.36,35050,0,-14789,20261,1512,4,6
2026-10-08,3218,大學光,TPEx,133.5,134,133,133,-0.5,110000,14644500,90,9.84,5.83,2.91,-70000,0,-105,-70105,676,1,0
2026-10-08,3219,倚強科,TPEx,130,143,130,130,0,5948000,809169000,4303,39.16,1.05,6.14,-386846,0,-4833,-391679,1927,-204,1441
2026-10-08,3221,台嘉碩,TPEx,53.4,55.9,52.5,55,0.6,3198000,175626900,2306,54.46,0.5,2.68,262096,0,-105646,156450,3714,86,81
2026-10-08,3224,三顧,TPEx,32.65,32.65,31.95,32.3,-0.15,14000,451150,12,,0,1.81,4000,0,0,4000,7767,-1,0
2026-10-08,3226,龍鋒,TPEx,57.3,57.3,57.3,57.3,-0.5,5000,286500,4,318.33,0,1.99,-5000,0,0,-5000,20,5,0
2026-10-08,3227,原相,TPEx,185.5,188,185.5,187,0.5,627000,117014000,534,15.78,5.35,1.88,-17000,-59000,-4971,-80971,2858,-7,3
2026-10-08,3228,金麗科,TPEx,166,166,161.5,164.5,0,294000,47932000,257,,0,17.39,-118762,0,-6658,-125420,0,0,0
2026-10-08,3230,錦明,TPEx,40.35,40.35,39.9,39.9,-0.45,300000,12008750,205,,0,3.81,-55689,0,0,-55689,4185,0,181
2026-10-08,3232,昱捷,TPEx,20.05,20.05,19.9,19.95,0.1,7000,139950,7,28.1,2.51,1.34,2000,0,0,2000,2942,-6,0
2026-10-08,3234,光環,TPEx,186.5,188.5,181,183,-8,4200000,772837000,2944,,0,29.33,-2006376,0,-9784,-2016160,0,0,0
2026-10-08,3236,千如,TPEx,55.4,61.5,54.6,58.9,2.7,19186000,1119422000,12562,81.81,0.85,3.45,131212,0,60502,191714,4040,92,204
2026-10-08,3252,海灣,TPEx,15.05,15.35,14.95,15.35,0.05,33000,499850,12,,0,0.39,2000,0,0,2000,11352,-46,0
2026-10-08,3259,鑫創,TPEx,11.1,11.95,10.95,11.95,0.45,8000,89350,7,,0,2.58,,,,,0,0,0
2026-10-08,3260,威剛,TPEx,365,369,362.5,362.5,-2.5,3958000,1442576500,3205,4.69,4.69,2.98,-1927040,75400,-20155,-1871795,19545,188,212
2026-10-08,3264,欣銓,TPEx,244.5,256.5,243,256,6,15744000,3941430500,10848,33.42,1.64,6.18,-1503014,146000,24372,-1332642,13124,522,92
2026-10-08,3265,台星科,TPEx,238.5,238.5,238.5,238.5,21.5,4525000,1079212500,998,33.45,1.72,5.14,-124004,0,98879,-25125,4015,-553,183
2026-10-08,3268,海德威,TPEx,24.2,24.7,24,24.4,0.1,381000,9270400,213,,0,1.76,40000,0,0,40000,1980,-37,3
2026-10-08,3272,東碩,TPEx,13.9,13.9,13.65,13.9,0,9000,123950,7,,0,0.94,,,,,1047,0,11
2026-10-08,3276,宇環,TPEx,14.2,14.25,14.1,14.2,0.1,33000,468100,23,64.55,0.42,1.14,1000,0,0,1000,1515,-3,0
2026-10-08,3284,太普高,TPEx,21.5,21.65,21,21.25,-0.25,271000,5756800,158,8.78,2.35,1.48,65000,0,-1039,63961,1109,-91,7
2026-10-08,3285,微端,TPEx,43,44.3,42.9,44.1,1.1,63000,2759850,40,23.97,1.13,3.01,3000,0,0,3000,400,5,0
2026-10-08,3287,廣寰科,TPEx,43,43.45,42.8,43.45,3.95,857000,37163850,350,5.45,3.45,2.36,21000,0,2998,23998,2014,-63,1
2026-10-08,3288,點晶,TPEx,22.65,22.65,21.7,22.15,0.2,40000,885100,34,,0,3.38,-8000,0,35,-7965,0,0,0
2026-10-08,3289,宜特,TPEx,141,142.5,140.5,142.5,0,299000,42262500,239,31.25,3.13,2.6,35960,0,-10674,25286,7552,-15,13
2026-10-08,3290,東浦,TPEx,52.1,55.8,51.3,55.8,5,3876000,215015500,1120,9.43,2.69,2.01,518000,0,38664,556664,10267,544,58
2026-10-08,3293,鈊象,TPEx,780,788,773,788,8,998000,780778000,857,18.21,4.57,14.69,235653,-4000,3049,234702,2137,16,12
2026-10-08,3294,英濟,TPEx,31.9,31.95,31.35,31.5,-0.45,272000,8572400,197,,0,1.77,37000,0,0,37000,6355,5,18
2026-10-08,3297,杭特,TPEx,33,33.3,32.5,32.55,-1.25,299000,9824300,210,36.17,0,1.94,42000,0,-354,41646,723,17,15
2026-10-08,3303,岱稜,TPEx,49.95,50.7,49.9,50.7,0.85,238000,11942150,179,10.12,5.92,2,55000,0,0,55000,1755,7,1
2026-10-08,3306,鼎天,TPEx,46.8,46.85,46.6,46.85,-0.45,29000,1354100,24,106.48,3.63,0.59,2000,0,-16,1984,844,3,1
2026-10-08,3310,佳穎,TPEx,68.3,68.5,67.8,68.3,0.4,48000,3276900,19,26.27,5.12,2.84,2000,0,0,2000,2370,0,0
2026-10-08,3313,斐成,TPEx,10.3,10.4,10.3,10.35,0.05,85000,879050,39,,0,1.05,2000,0,0,2000,532,-10,0
2026-10-08,3317,尼克森,TPEx,69.8,72.5,69,71.5,2.8,8169000,581707000,5573,35.57,0.7,1.95,-308623,0,34970,-273653,5008,-188,55
2026-10-08,3322,建舜電,TPEx,11,11.35,10.55,10.55,-0.55,1171000,12572850,447,,0,0.92,231000,0,0,231000,9340,13,1
2026-10-08,3323,加百裕,TPEx,29.5,30.25,29.5,29.8,0,499000,14941750,224,,0,1.24,204106,0,-432,203674,5575,-4,35
2026-10-08,3324,雙鴻,TPEx,1420,1570,1395,1520,-5,5945000,8955635000,4665,35.06,0.78,10.67,-665648,716668,6620,57640,7588,-64,77
2026-10-08,3325,旭品,TPEx,11.3,11.35,11.2,11.25,0,67000,754800,46,,0,1.27,-9000,0,-616,-9616,394,-2,0
2026-10-08,3332,幸康,TPEx,,,,,,0,0,0,16.35,3.1,1.64,,,,,107,0,0
2026-10-08,3339,泰谷,TPEx,44.8,46.55,44.4,45.75,0.35,902000,41061900,605,,0,4.13,4562,0,-161,4401,6531,23,56
2026-10-08,3349,寶德,TPEx,18.3,18.8,17.85,18.5,0.1,65000,1174950,53,,0,2.78,-21000,0,0,-21000,,,
2026-10-08,3354,律勝,TPEx,30.5,32.4,30.4,32,1.5,2396000,75290900,1667,,0,2.89,279713,0,-880,278833,1479,-23,80
2026-10-08,3357,臺慶科,TPEx,223,229,217.5,226.5,1.5,1539000,344214000,1166,21.25,2.24,2.3,105663,0,-16562,89101,4153,-99,93
2026-10-08,3360,尚立,TPEx,15.2,15.45,15.15,15.4,0.05,190000,2921250,95,1540,0,1.42,74824,0,12,74836,2462,-8,15
2026-10-08,3362,先進光,TPEx,193,198,190,190,-6,3795000,735491000,3089,,0,7.15,-11840,0,-275,-12115,5267,-69,383
2026-10-08,3363,上詮,TPEx,674,676,663,667,-12,1577000,1055577000,1381,,0,13.26,-381425,0,-1651,-383076,7990,99,258
2026-10-08,3372,典範,TPEx,16.6,16.9,16.35,16.4,-0.2,331000,5456350,183,,0,1.94,-51000,0,3000,-48000,0,0,0
2026-10-08,3373,熱映,TPEx,17.4,18.75,17.1,18.5,1.4,1725000,31548100,1020,,5.95,1.12,-20821,0,0,-20821,751,38,1
2026-10-08,3374,精材,TPEx,491,512,481.5,497,0,8917000,4434974500,7110,78.02,0.5,13.68,618543,618,118134,737295,27754,68,505
2026-10-08,3379,彬台,TPEx,27.7,27.7,27.15,27.3,0,43000,1170000,27,26.76,4.4,1.71,0,0,-592,-592,1685,-3,8
2026-10-08,3388,崇越電,TPEx,86.5,88,86.2,87,1,561000,48779100,404,16.02,3.84,1.36,49379,0,2451,51830,2429,16,4
2026-10-08,3390,旭軟,TPEx,22.3,22.3,22.05,22.2,-0.1,93000,2060350,55,,0.9,1.23,-21000,0,0,-21000,2176,6,0
2026-10-08,3402,漢科,TPEx,139.5,140.5,139,139.5,0,208000,29016500,180,19.43,4.3,4.82,44648,0,-11647,33001,1362,6,2
2026-10-08,3430,奇鈦科,TPEx,112,112,110,111,-2,83000,9219000,76,23.97,1.44,3.16,-22740,0,-152,-22892,1821,11,1
2026-10-08,3434,哲固,TPEx,31.1,31.3,30.7,30.9,-0.4,66000,2038400,58,83.51,3.88,2.37,3000,0,0,3000,1659,-11,0
2026-10-08,3438,類比科,TPEx,60.8,60.8,60.1,60.6,-0.2,71000,4286200,55,40.95,2.48,1.04,9000,0,-449,8551,986,-16,5
2026-10-08,3441,聯一光,TPEx,245,249.5,236.5,249.5,0.5,1912000,463971500,1305,102.67,0.34,12.05,-84020,0,85000,980,3622,-243,1397
2026-10-08,3444,利機,TPEx,78.3,78.3,77.2,78.3,0,30000,2336100,30,39.35,2.3,3.36,-3000,0,-276,-3276,900,-2,0
2026-10-08,3455,由田,TPEx,283,284,273,284,3,771000,215053500,619,79.55,1.23,7.08,155000,0,8782,163782,6957,131,101
2026-10-08,3465,進泰電子,TPEx,29.5,29.5,29.25,29.35,-0.45,8000,234850,8,,0,1.33,2000,0,0,2000,828,0,0
2026-10-08,3466,德晉,TPEx,27.5,28.9,27.5,28.6,1.1,641000,18207850,414,,0,1.58,-127071,0,0,-127071,11315,151,34
2026-10-08,3467,台灣精材,TPEx,71.2,72.7,70.4,70.5,-0.7,324000,23053100,248,61.3,0.71,3.63,-100837,0,0,-100837,693,21,4
2026-10-08,3479,安勤,TPEx,135,135,133,133.5,-1,364000,48702000,281,18.31,3.46,2.9,44200,0,-2399,41801,3286,19,183
2026-10-08,3483,力致,TPEx,79,81.7,78.5,79,0,390000,30994200,244,27.15,3.8,1.59,42225,0,-999,41226,5126,-15,9
2026-10-08,3484,崧騰,TPEx,49.6,50,49.1,49.2,-0.6,105000,5205050,73,14.22,5.08,1.19,15001,0,529,15530,1609,-8,2
2026-10-08,3485,敘豐,TPEx,218.5,223,215.5,221.5,-2,68000,14930000,67,37.35,2.03,3.55,9647,0,289,9936,,,
2026-10-08,3489,森寶,TPEx,22.3,22.75,22.3,22.65,0.15,46000,1036800,22,,13.25,2.19,-14000,0,0,-14000,519,-2,0
2026-10-08,3490,單井,TPEx,45.6,46.4,45.2,45.2,-0.45,1284000,58643450,868,7.15,1.11,1.57,-144624,0,-153,-144777,5642,-1,121
2026-10-08,3491,昇達科,TPEx,1685,1730,1670,1685,-20,1044000,1774250000,964,133.94,0.4,25.53,-25752,12549,7209,-5994,3014,-53,36
2026-10-08,3492,長盛,TPEx,19.25,19.35,19.1,19.15,-0.25,22000,422800,18,14.84,5.74,1.06,1000,0,1971,2971,628,-1,0
2026-10-08,3498,陽程,TPEx,230,232,225.5,225.5,-6,1423000,324836500,1133,51.37,0,5.46,-318666,0,28839,-289827,6117,81,503
2026-10-08,3499,環天科,TPEx,13.3,13.3,13.15,13.15,-0.3,32000,423050,19,,0,1.69,,,,,0,0,0
2026-10-08,3508,位速,TPEx,25.1,25.45,24.55,24.7,-0.35,181000,4498850,131,,0,4.84,-30000,0,0,-30000,0,0,0
2026-10-08,3511,矽瑪,TPEx,19.8,20.35,19.8,19.95,-0.15,65000,1299700,58,,0,1.25,18000,0,0,18000,2612,2,0
2026-10-08,3512,皇龍,TPEx,18.95,19,18.8,19,0,17000,322050,11,10.05,9.47,0.86,-6000,0,-2000,-8000,714,0,2
2026-10-08,3516,亞帝歐,TPEx,25.7,26,25.6,26,-0.4,26000,670300,12,37.68,0.77,0.99,2000,0,0,2000,9185,9,4
2026-10-08,3520,華盈,TPEx,17.7,18.3,17.7,18.2,0.4,217000,3911750,128,,0,1.58,0,0,0,0,2008,11,3
2026-10-08,3521,台鋼建設,TPEx,11.5,11.55,11.3,11.45,-0.1,51000,585450,21,6.7,0,0.94,-6000,0,0,-6000,2749,30,0
2026-10-08,3522,御嵿,TPEx,12.2,12.2,11.8,12,0,55000,656200,28,,0,1.75,-2000,0,0,-2000,0,0,0
2026-10-08,3523,迎輝,TPEx,13.75,14.45,13.75,14.45,0.7,9000,126050,9,,0,2.52,0,0,0,0,0,0,0
2026-10-08,3526,凡甲,TPEx,277,277,273,275.5,-1,162000,44390500,122,15.51,6.11,4.45,-20994,0,-13501,-34495,1959,11,8
2026-10-08,3527,聚積,TPEx,50.5,52.8,50.4,51.6,1,258000,13237200,185,,1.94,1.02,-11000,0,0,-11000,1204,-9,0
2026-10-08,3529,力旺,TPEx,3000,3035,2915,2915,-100,785000,2323065000,707,97.79,0.7,62.42,20210,-52739,-1946,-34475,1851,60,10
2026-10-08,3531,先益,TPEx,21.2,21.65,21.2,21.65,0,12000,255450,12,16.4,2.31,0.71,0,0,0,0,26,0,0
2026-10-08,3537,堡達,TPEx,55.6,58.1,55.6,56.9,0.6,450000,25660800,354,12.4,3.51,2.48,60340,0,273,60613,1575,31,3
2026-10-08,3540,曜越,TPEx,24,24,23.65,23.8,-0.2,119000,2830850,77,27.05,1.08,0.97,-13999,0,0,-13999,1425,5,13
2026-10-08,3541,西柏,TPEx,24.7,24.7,24.3,24.5,0.15,68000,1662250,44,76.56,0,1.88,8000,0,0,8000,271,0,0
2026-10-08,3546,宇峻,TPEx,72.6,73.5,72.5,73.5,0.8,114000,8313600,75,14.64,3.4,2.73,34162,0,-990,33172,2102,20,3
2026-10-08,3548,兆利,TPEx,74.6,74.6,72.5,73.8,-0.4,141000,10394000,112,199.46,1.36,0.81,41000,0,-20,40980,2997,0,11
2026-10-08,3551,世禾,TPEx,198.5,199,195,198,-2,388000,76534000,297,21.09,2.42,2.44,126334,0,-5499,120835,1534,-31,5
2026-10-08,3552,同致,TPEx,44.05,44.05,43.05,43.2,-0.85,152000,6606750,118,,1.16,0.96,33000,0,-2000,31000,1787,-9,29
2026-10-08,3555,博士旺,TPEx,161,161,158,158,-5,57000,9043000,55,18.39,0,7.64,-4000,0,-1605,-5605,813,2,0
2026-10-08,3556,禾瑞亞,TPEx,64.6,66.5,64.6,65.7,0.1,646000,42542500,411,17.85,2.97,3.47,196820,0,0,196820,1183,-42,9
2026-10-08,3558,神準,TPEx,134.5,139,134.5,135.5,1.5,443000,60673500,339,63.32,2.21,1.34,141105,0,-2956,138149,1155,-19,7
2026-10-08,3564,其陽,TPEx,61.2,66.9,59.7,66.9,6,2852000,183387400,1722,185.83,0.4,2.86,-383800,0,-36955,-420755,1100,71,26
2026-10-08,3567,逸昌,TPEx,26.05,26.25,25.85,26.2,0.15,24000,625700,21,23.6,3.82,1.6,-5000,0,270,-4730,753,1,0
2026-10-08,3570,大塚,TPEx,170,170.5,169,170.5,1,9000,1527000,9,11.92,5.69,2.73,-1000,0,0,-1000,91,0,0
2026-10-08,3577,泓格,TPEx,110,110,106,106,-4,286000,30747000,239,24.37,1.89,4.6,-70890,0,-17801,-88691,1047,-1,2
2026-10-08,3580,友威科,TPEx,102,103,100.5,102.5,-1,385000,39237500,283,63.27,1.17,3.9,-36475,0,17333,-19142,3044,-11,67
2026-10-08,3581,博磊,TPEx,113.5,113.5,109,110.5,-3,239000,26449500,195,47.22,0.54,6.23,23445,0,200,23645,1517,-40,14
2026-10-08,3587,閎康,TPEx,246.5,250,242.5,243,-3,502000,122844000,446,36.93,1.73,2.93,-192004,0,-19317,-211321,2970,39,3
2026-10-08,3594,磐儀,TPEx,46.2,46.5,45.9,46.25,-0.1,165000,7622800,128,36.42,0.86,1.93,-27892,0,-830,-28722,3749,7,12
2026-10-08,3597,映興,TPEx,40.4,40.4,40.4,40.4,3.65,757000,30582800,253,50.5,0.99,2.66,0,0,259,259,1546,172,23
2026-10-08,3609,三一東林,TPEx,24.8,25.15,24.25,25.1,0.5,133000,3310100,78,3.87,0,2.15,58000,0,0,58000,3904,27,0
2026-10-08,3611,鼎翰,TPEx,183,184.5,183,184.5,1.5,35000,6426500,26,8.93,5.42,1.38,14000,0,0,14000,101,-2,0
2026-10-08,3615,安可,TPEx,43.9,43.9,42.45,42.9,-1.05,716000,30805550,534,13.75,1.63,1.26,155150,0,0,155150,3848,-84,85
2026-10-08,3623,富晶通,TPEx,30,30.45,29.6,29.9,0.3,135000,4055750,91,31.81,0,2.32,32510,0,0,32510,430,2,37
2026-10-08,3624,光頡,TPEx,165.5,175,161.5,175,15.5,47728000,8118755000,23226,54.69,0.63,5.75,6181114,0,-52457,6128657,12110,-1608,2027
2026-10-08,3628,盈正,TPEx,72.3,72.3,71.2,71.5,-0.9,98000,7013100,68,17.31,4.55,2.01,-2000,0,-960,-2960,814,-22,2
2026-10-08,3629,地心引力,TPEx,15.3,15.3,15.3,15.3,1.35,11000,168300,7,,0,11.68,,,,,,,
2026-10-08,3630,新鉅科,TPEx,28.2,28.35,27.55,27.75,-0.5,639000,17848400,440,,0,1.93,35846,0,-5090,30756,4354,-46,63
2026-10-08,3631,晟楠,TPEx,43.9,47.05,43.2,47.05,4,1132000,51549050,751,,0,3.22,142000,0,-2000,140000,1187,-3,0
2026-10-08,3646,艾恩特,TPEx,25.1,25.1,25.1,25.1,0,2000,50200,1,,3.59,2.04,,,,,1250,2,0
2026-10-08,3663,鑫科,TPEx,62,62.3,61.4,61.6,-0.9,387000,23905400,271,267.83,0,2.07,-27000,0,-688,-27688,2950,4,9
2026-10-08,3664,安瑞-KY,TPEx,8.19,8.2,8.19,8.2,0.01,5000,40990,4,,0,6.26,,,,,0,0,0
2026-10-08,3666,光耀,TPEx,25.4,27.5,25.4,26.6,1.2,212000,5631000,149,,0,2.15,25000,0,0,25000,2292,21,0
2026-10-08,3672,康聯訊,TPEx,12.1,12.3,11.75,11.9,-0.95,134000,1611200,86,,0,1.66,-3000,0,0,-3000,0,0,0
2026-10-08,3675,德微,TPEx,352.5,360,343,344,-15.5,1136000,395082000,981,60.14,1.16,6.21,-132624,0,-51271,-183895,2515,-62,22
2026-10-08,3680,家登,TPEx,572,577,556,571,4,1099000,623811000,967,38.4,1.21,4.23,7686,349,-24387,-16352,2456,62,170
2026-10-08,3684,榮昌,TPEx,62.1,66.5,58.5,62.5,2,1255000,81249300,669,15.51,4.44,2.68,23996,0,-2000,21996,725,171,12
2026-10-08,3685,元創精密,TPEx,35.35,38.4,35.35,37.9,2.6,2485000,92306300,941,,0,4.12,1276265,0,0,1276265,10,0,0
2026-10-08,3687,歐買尬,TPEx,60.5,61.1,60.5,60.7,0,25000,1521900,22,13.95,3.3,1.17,-2000,0,-11,-2011,1139,3,0
2026-10-08,3689,湧德,TPEx,118,119.5,117,117.5,-0.5,980000,115837500,610,14.54,3.11,2.11,138952,0,-18118,120834,4882,53,14
2026-10-08,3691,碩禾,TPEx,103.5,105,103.5,103.5,-0.5,248000,25776500,183,37.77,0,1.57,-46000,0,-1393,-47393,2718,8,57
2026-10-08,3693,營邦,TPEx,760,789,715,736,18,7314000,5539049000,5533,47.73,1.09,6.03,-84124,0,-2531,-86655,4920,180,24
2026-10-08,3707,漢磊,TPEx,88.2,90.4,85.1,85.9,-4,28537000,2481601100,17795,,0,3.94,-6078992,0,-14901,-6093893,14964,-970,767
2026-10-08,3709,鑫聯大投控,TPEx,65.9,66.2,65.3,66.2,0.2,259000,17042000,153,5.86,3.26,1.95,-5430,0,90914,85484,4283,0,4
2026-10-08,3710,連展投控,TPEx,8.07,8.26,8.05,8.26,0.01,130000,1059530,71,,0,1.4,-25000,0,0,-25000,0,0,0
2026-10-08,3713,新晶投控,TPEx,14.65,14.85,13.85,14.85,1.35,470000,6954100,255,,0,1.89,48000,0,-522,47478,,,
2026-10-08,3718,中光電投控,TPEx,64,64,62.8,63.1,-0.8,1202000,75978600,872,,,,-23470,0,-23994,-47464,15898,-40,87
2026-10-08,4102,永日,TPEx,18.6,18.9,18.4,18.8,0.15,42000,783800,38,,0,1.33,0,0,0,0,72,0,0
2026-10-08,4105,東洋,TPEx,80.4,81.2,80.2,80.9,0.6,958000,77437900,641,11.61,5.56,2.89,353000,-4065,64132,413067,576,14,0
2026-10-08,4107,邦特,TPEx,109.5,110,109,109.5,0,20000,2191000,18,12.87,5.02,2.15,-4000,0,0,-4000,70,-1,0
2026-10-08,4109,加捷生醫,TPEx,10.9,11,10.9,10.95,-0.05,111000,1212500,73,365,1.83,0.8,4820,0,602,5422,3395,-7,0
2026-10-08,4111,濟生,TPEx,28.85,29.1,28.85,29,0.15,43000,1245850,24,9.18,4.48,1.24,-1000,0,0,-1000,412,-1,0
2026-10-08,4113,聯上,TPEx,14.95,14.95,14.55,14.95,0.15,208000,3054800,78,,0,0.83,-5940,0,0,-5940,11065,107,3
2026-10-08,4114,健喬,TPEx,29.35,30.2,29.35,30.15,0.95,2862000,85577600,1250,18.61,5.46,1.75,1143368,0,160408,1303776,2508,68,0
2026-10-08,4116,明基醫,TPEx,39.55,40,39.55,39.9,0.15,7000,278700,7,15.11,5.01,1.61,1000,0,102,1102,380,-2,0
2026-10-08,4120,友華,TPEx,46.1,46.5,45.8,46,0.2,7000,322800,6,,8.7,0.76,-1000,0,0,-1000,796,-1,0
2026-10-08,4121,優盛,TPEx,12.95,13.75,12.95,13.25,0.45,402000,5388350,259,,0,0.78,5000,0,0,5000,5196,14,0
2026-10-08,4123,晟德,TPEx,30.95,31.35,30.9,31.35,0.25,1313000,40896050,757,23.57,7.16,1.38,580119,0,-76992,503127,8898,35,17
2026-10-08,4126,太醫,TPEx,77.5,77.7,77.5,77.5,0,24000,1860700,24,12.96,5.81,1.97,-9000,0,-367,-9367,734,0,0
2026-10-08,4127,天良,TPEx,42.35,42.65,40.2,40.55,-2.35,732000,30114200,417,26.85,0,3.57,-1546068,0,-3789,-1549857,992,33,5
2026-10-08,4128,中天,TPEx,15.45,15.7,15.35,15.55,0.2,1484000,23083600,639,17.47,0,0.96,561712,0,8000,569712,7630,-39,36
2026-10-08,4129,聯合,TPEx,83.2,83.9,83.2,83.7,0.1,97000,8120700,67,14.63,5.38,2.07,6001,0,-2,5999,1150,-8,0
2026-10-08,4131,浩泰,TPEx,31.4,31.4,31.2,31.2,0.5,4000,125400,4,,0,4.35,-1000,0,0,-1000,,,
2026-10-08,4138,曜亞,TPEx,53.8,54.6,53.7,53.8,0,16000,862800,12,14.7,7.81,1.36,-1000,0,0,-1000,45,-1,0
2026-10-08,4139,馬光-KY,TPEx,43.15,45.5,43.15,45,1.85,132000,5891850,79,,0,4.93,6000,0,0,6000,1237,0,0
2026-10-08,4147,中裕,TPEx,60.8,61.9,60.8,61.2,-0.7,394000,24141500,284,,0,4.51,-62926,0,-724,-63650,12077,13,26
2026-10-08,4153,鈺緯,TPEx,31.8,31.8,30.9,30.9,-0.75,27000,839000,24,18.84,6.47,1.87,2000,0,0,2000,403,4,0
2026-10-08,4154,樂威科-KY,TPEx,11.75,12.45,11.75,12.45,0.15,3000,36300,3,,0,2.01,,,,,,,
2026-10-08,4157,太景*-KY,TPEx,8.63,9.4,8.6,9.33,0.78,7638000,70942920,2398,42.41,0,6.48,337000,0,-186,336814,8708,432,28
2026-10-08,4160,訊聯基因,TPEx,38.65,39.6,38.6,38.9,-0.05,18000,699800,17,58.06,1.27,2.11,1000,0,0,1000,168,-1,0
2026-10-08,4161,聿新科,TPEx,21.3,21.6,21.2,21.4,-0.1,18000,384800,14,11.82,3.27,1.29,1000,0,0,1000,1181,0,0
2026-10-08,4162,智擎,TPEx,57.5,57.7,56.7,57.2,1.4,612000,34983600,328,15.46,3.5,1.67,-121000,0,161,-120839,2161,-47,0
2026-10-08,4163,鐿鈦,TPEx,130,135.5,130,135.5,1.5,19000,2530000,18,23.01,2.58,2.54,2000,0,-211,1789,119,-2,0
2026-10-08,4166,友霖,TPEx,23.9,24.35,23.9,24.2,0.3,82000,1980800,46,24.95,0,2.21,22000,0,0,22000,1667,0,0
2026-10-08,4167,松瑞藥,TPEx,20.95,22.4,20.95,22,1.55,9624000,210160900,3927,6.63,6.75,1.55,2150651,0,147649,2298300,10719,413,6
2026-10-08,4168,醣聯,TPEx,23,23,22.65,22.8,-0.2,44000,1003250,30,,0,3.02,11000,0,0,11000,0,-35,0
2026-10-08,4171,瑞基,TPEx,19.05,20.2,18.4,19.85,1.45,2558000,50483950,1384,,0,1.97,26000,0,0,26000,1020,64,3
2026-10-08,4173,久裕,TPEx,17.1,17.55,17.1,17.55,0.35,73000,1273100,58,21.94,5.93,0.69,-3000,0,142,-2858,383,-1,0
2026-10-08,4174,浩鼎,TPEx,52,54,50,53.7,1.6,1058000,54151600,637,,0,4.75,-29000,0,0,-29000,1531,-193,115
2026-10-08,4175,杏一,TPEx,51.6,51.6,51,51,0.2,8000,409600,8,13.46,5.88,1.42,,,,,17,0,0
2026-10-08,4183,福永生技,TPEx,,,,,,0,0,0,,0,1.31,,,,,,,
2026-10-08,4188,安克,TPEx,13.95,14,13.75,13.95,0,47000,651400,34,,0,1.71,-12000,0,0,-12000,,,
2026-10-08,4192,杏國,TPEx,17.8,18.1,17.75,18,0.2,33000,592700,21,,0,2.89,,,,,,,
2026-10-08,4198,欣大健康,TPEx,47.2,47.2,46.1,47.15,0.15,3000,140450,3,,0,5.57,,,,,,,
2026-10-08,4205,中華食,TPEx,67.4,67.8,67.4,67.8,0.1,28000,1889000,14,17.08,5.16,3.06,,,,,5,0,0
2026-10-08,4207,環泰,TPEx,19.25,19.5,19.25,19.45,0.15,216000,4182750,35,10.35,6.17,1.34,-1000,0,0,-1000,543,0,0
2026-10-08,4303,信立,TPEx,31.6,32.9,31.2,31.65,0.3,1169000,37457350,717,3.41,15.8,0.89,-32441,0,3435,-29006,6538,-200,116
2026-10-08,4304,勝昱,TPEx,16.5,17,16.05,16.65,0.15,27000,448350,16,,0,3.26,-4000,0,0,-4000,0,0,0
2026-10-08,4305,世坤,TPEx,41.2,41.2,40.85,40.95,-0.25,11000,450700,9,8.41,7.57,1.87,0,0,0,0,1,0,0
2026-10-08,4401,東隆興,TPEx,13.75,13.95,13.75,13.95,0.2,85000,1171150,21,12.35,4.3,0.63,9000,0,0,9000,744,1,0
2026-10-08,4402,郡都開發,TPEx,13.5,13.8,13,13.35,-0.25,25000,331850,22,,0,1.58,-2000,0,0,-2000,,,
2026-10-08,4406,新昕纖,TPEx,10.15,10.15,10.15,10.15,0.1,13000,131950,10,,0,0.87,4000,0,0,4000,328,0,0
2026-10-08,4413,飛寶企業,TPEx,20,20,19.35,19.85,-0.5,37000,721600,20,16.01,1.51,1.82,-5000,0,0,-5000,499,20,0
2026-10-08,4416,三圓,TPEx,12.65,13,12.25,12.25,-0.35,1401000,17745950,505,3.91,0,0.46,-206660,0,8000,-198660,1106,103,7
2026-10-08,4417,金洲,TPEx,48.95,48.95,48.25,48.8,0.25,29000,1404600,22,9.38,7.17,1.29,1000,0,0,1000,184,-6,0
2026-10-08,4419,皇家美食,TPEx,45.4,48.5,45.4,48.5,0,3000,139900,3,,0,9.01,1000,0,0,1000,,,
2026-10-08,4420,光明,TPEx,35.4,36,35.4,35.8,0.4,50000,1778850,33,26.72,8.38,1.02,4000,-402,0,3598,582,0,0
2026-10-08,4430,耀億,TPEx,17.75,19.55,17.75,19.55,1.75,470000,9089000,163,50.13,2.56,0.63,6000,0,0,6000,408,378,0
2026-10-08,4432,銘旺實,TPEx,15.2,15.35,15.15,15.2,-0.05,18000,273400,16,3.19,2.63,0.49,-3000,0,0,-3000,372,-8,0
2026-10-08,4433,興采,TPEx,18,18,17.8,17.9,-0.1,13000,233500,9,15.98,5.59,0.6,1020,0,0,1020,244,0,0
2026-10-08,4442,竣邦-KY,TPEx,53,53.4,53,53.4,0,6000,319200,5,10.97,6.37,1.99,,,,,110,0,3
2026-10-08,4502,健信,TPEx,15.65,15.7,15.65,15.7,-0.05,3000,47000,3,,0,1.64,,,,,350,0,0
2026-10-08,4503,金雨,TPEx,23.9,24.5,23.8,24.3,0.5,147000,3554100,96,6.53,0,1.02,44000,0,177,44177,1523,-3,0
2026-10-08,4506,崇友,TPEx,118,118,117.5,118,0,39000,4596500,33,15.25,4.49,3.66,-18000,0,0,-18000,2,0,0
2026-10-08,4510,高鋒,TPEx,41.85,41.95,41.65,41.65,-0.25,275000,11480850,205,43.84,0,2.41,-69000,0,-5176,-74176,4071,-14,353
2026-10-08,4513,福裕,TPEx,16.2,16.25,16.05,16.15,-0.05,188000,3041550,91,,0,1.49,29000,0,1000,30000,2021,-42,0
2026-10-08,4523,永彰,TPEx,24,24.1,23.7,24,0,38000,908950,30,0.9,11.01,0.86,5000,0,0,5000,954,7,0
2026-10-08,4527,方土霖,TPEx,45,45,44.9,45,0,21000,944550,14,9.39,6.67,1.89,,,,,53,0,0
2026-10-08,4528,江興鍛,TPEx,14.75,14.8,14.65,14.8,0.05,21000,309600,17,,1.35,0.55,-3000,0,0,-3000,201,0,0
2026-10-08,4529,淳紳,TPEx,3.39,3.4,3.31,3.31,0.01,5000,16820,5,,0,1.32,,,,,0,0,0
2026-10-08,4530,天意能創,TPEx,24.3,25.85,24.3,25.75,1.4,6000,152450,6,1287.5,0,2.07,0,0,0,0,32,3,0
2026-10-08,4533,協易機,TPEx,25.5,25.55,25.25,25.45,-0.05,312000,7919900,212,42.42,0.7,1.57,-7265,0,0,-7265,7747,4,1
2026-10-08,4534,慶騰,TPEx,30.25,31.05,29.9,30.75,0.9,634000,19408500,366,64.06,0,3.73,55279,0,0,55279,0,0,0
2026-10-08,4535,至興,TPEx,26.7,26.8,26.5,26.5,0,3000,80000,3,18.66,3.02,0.81,,,,,206,0,0
2026-10-08,4538,大詠城,TPEx,17.95,17.95,17.5,17.6,0.2,16000,284000,16,45.13,5.68,1.27,0,0,0,0,513,7,0
2026-10-08,4541,晟田,TPEx,58.6,59,58.3,58.8,-0.3,570000,33411900,419,14.96,2.38,2.28,39587,0,-2881,36706,4380,-22,491
2026-10-08,4542,科嶠,TPEx,325,338.5,317,329,-8,914000,296788000,790,150.92,0.28,12.07,34100,0,66,34166,5135,6,38
2026-10-08,4543,萬在,TPEx,32.75,32.75,31.55,32.55,-0.2,452000,14479050,253,12.71,2.15,1.04,27000,0,-9200,17800,972,-35,0
2026-10-08,4549,桓達,TPEx,98.1,98.4,97.4,98,-1,18000,1764700,18,24.08,3.27,2.96,-2000,0,-54,-2054,533,-1,0
2026-10-08,4550,長佳,TPEx,24.05,24.15,24.05,24.1,0.05,10000,240700,8,12.49,5.06,0.97,1000,0,0,1000,160,0,0
2026-10-08,4554,橙的,TPEx,28.2,28.2,27.75,27.85,0.1,8000,223050,8,9.91,7.18,1.42,-4000,0,0,-4000,69,1,0
2026-10-08,4556,旭然,TPEx,142.5,145,133,145,0,832000,114432000,647,135.51,0.41,7.39,8000,0,0,8000,1276,71,63
2026-10-08,4558,寶緯,TPEx,17.05,17.05,17,17.05,0.05,9000,153350,5,18.94,0,0.95,-1000,0,0,-1000,213,0,0
2026-10-08,4561,健椿,TPEx,41.9,43.1,41.65,43.1,1.05,250000,10621400,183,25.2,0.46,1.78,-24000,0,2000,-22000,734,-11,0
2026-10-08,4563,百德,TPEx,52.4,53.7,52.4,53.2,0.2,188000,9975600,92,,0,2.1,22064,0,0,22064,649,-1,0
2026-10-08,4568,科際精密,TPEx,39,39.05,39,39,0.15,8000,312150,7,21.67,5.08,1.17,3000,0,0,3000,39,0,0
2026-10-08,4577,達航科技,TPEx,88.8,92.1,87.5,90.6,1.8,489000,44341300,311,,0,4.67,89000,0,443,89443,1009,-10,2
2026-10-08,4580,捷流閥業,TPEx,82.5,82.5,82,82.2,-0.3,28000,2306000,23,13.59,4.87,1.4,1000,0,0,1000,80,0,0
2026-10-08,4584,君帆,TPEx,37.9,38,37.9,38,0,4000,151900,3,15.32,5.26,1.08,-1000,0,0,-1000,,,
2026-10-08,4609,唐鋒,TPEx,4.61,4.61,4.61,4.61,0.22,1000,4610,1,24.26,0,1.69,,,,,0,0,0
2026-10-08,4702,中美實,TPEx,9.37,9.38,9.31,9.36,0.02,46000,430390,33,4.22,5.34,0.51,-8000,0,0,-8000,574,4,0
2026-10-08,4706,大恭,TPEx,47.45,47.45,44.2,45,1.85,498000,23259900,368,40.54,0.67,2.3,-7000,0,22000,15000,99,52,1
2026-10-08,4707,磐亞,TPEx,32,33.5,31.45,32.8,0.2,5006000,163535650,2741,25.43,1.52,1.6,-92698,0,-6688,-99386,13580,69,93
2026-10-08,4711,永純,TPEx,17.05,18.1,16.85,17.2,-0.3,1243000,21780300,648,20.24,2.91,1.02,-63000,0,0,-63000,792,-59,0
2026-10-08,4714,永捷,TPEx,12.1,12.8,12,12.45,0.5,3807000,47656600,1539,,0,1.04,410344,0,-10000,400344,8403,535,23
2026-10-08,4716,大立,TPEx,19.8,20.8,19.5,19.75,0.3,6916000,138517750,3185,34.05,0,1.64,307514,0,0,307514,9484,-593,219
2026-10-08,4721,美琪瑪,TPEx,82.3,83.8,80.6,81.9,-0.4,415000,33998800,313,16.48,2.81,4.24,29172,0,-1664,27508,1841,-42,2
2026-10-08,4726,永昕,TPEx,22.7,24,22.7,23.8,1.1,145000,3372100,102,,0,3.5,29000,0,0,29000,9,-22,0
2026-10-08,4728,雙美,TPEx,408,408,396,396,1.5,5000,1996000,3,26.58,3.06,15.07,3000,0,0,3000,1661,-70,0
2026-10-08,4729,熒茂,TPEx,19.6,19.6,19.4,19.45,-0.15,70000,1362400,52,43.22,0,1.31,-6000,0,0,-6000,1192,1,0
2026-10-08,4735,豪展,TPEx,38,38.7,37.95,38.05,0.05,91000,3491850,67,6.83,5.26,1.3,14000,0,2000,16000,378,7,0
2026-10-08,4741,泓瀚,TPEx,40.5,40.75,40.2,40.3,-0.3,30000,1214000,28,33.31,0.74,1.51,-1000,0,0,-1000,1378,1,0
2026-10-08,4743,合一,TPEx,47.35,48.4,47.1,48.1,1,1388000,66652550,912,370,0,2.25,404144,0,9326,413470,13327,-70,98
2026-10-08,4744,皇將,TPEx,28.05,28.75,28.05,28.55,0.1,9000,256050,9,18.91,3.5,1.31,1000,0,0,1000,2631,0,0
2026-10-08,4745,合富-KY,TPEx,12.05,12.2,12.05,12.2,0.05,6000,72750,6,,0,0.28,-1000,0,0,-1000,88,-1,0
2026-10-08,4747,強生*,TPEx,23.35,23.35,23.2,23.35,0.2,16000,373000,16,23.83,2.25,1.22,-1000,0,-1000,-2000,3193,-2,0
2026-10-08,4749,新應材,TPEx,771,773,758,759,-32,991000,754987000,829,58.88,1.05,6.81,-288539,307,-24189,-312421,3795,-84,20
2026-10-08,4754,國碳科,TPEx,37.9,37.9,37.7,37.85,-0.1,17000,642800,11,11.72,6.08,2.14,0,0,0,0,43,0,0
2026-10-08,4760,勤凱,TPEx,337.5,367,334,367,33,1223000,435524000,1000,37.6,1.28,8.75,128825,0,-12531,116294,2407,112,20
2026-10-08,4767,誠泰科技,TPEx,28.5,28.5,28.1,28.4,0.15,5000,141500,5,11.05,3.87,0.91,-1000,0,-135,-1135,16,0,0
2026-10-08,4768,晶呈科技,TPEx,363,369,360,365.5,2.5,392000,142934500,343,,0.27,12.21,26219,0,8706,34925,2806,6,15
2026-10-08,4772,台特化,TPEx,278,278.5,272,274.5,-2.5,614000,169101000,521,49.55,1.09,10.95,-77665,0,-18800,-96465,3802,-10,12
2026-10-08,4806,桂田文創,TPEx,11,11.3,10.9,11.25,-0.05,18000,201750,14,,0,1.23,,,,,0,0,0
2026-10-08,4903,聯光通,TPEx,48.9,50.7,45.75,45.95,-0.8,19220000,938219550,11724,35.9,0.65,4.14,-1064113,0,0,-1064113,4619,464,0
2026-10-08,4905,台聯電,TPEx,90,92.2,89,89,-3.8,36000,3256300,31,7.19,1.69,0.84,-3000,0,1000,-2000,174,4,0
2026-10-08,4907,富宇,TPEx,42.85,43.2,42.65,42.85,-0.15,34000,1455450,30,5.96,3.5,1.65,1000,0,0,1000,1013,2,0
2026-10-08,4908,前鼎,TPEx,251,256,242,243.5,-10.5,6548000,1621133500,4791,97.01,0.41,10.79,-597148,0,-192528,-789676,6452,-160,135
2026-10-08,4909,新復興,TPEx,37.15,37.6,36.8,37,0.1,215000,7985300,158,50,0,1.36,39081,0,-64,39017,3841,-7,109
2026-10-08,4911,德英,TPEx,27.8,28,27.75,28,0,14000,390100,14,20.74,7.02,2.03,,,,,202,0,0
2026-10-08,4923,力士,TPEx,62.4,62.6,61.1,61.4,-1.3,449000,27662300,360,,0,4.12,36857,0,1000,37857,3337,-10,63
2026-10-08,4924,欣厚-KY,TPEx,15.7,17.25,15.2,17.15,1.45,1116000,18531350,668,21.44,0,1.6,49940,0,-496,49444,2984,12,2
2026-10-08,4931,新盛力,TPEx,249,249,242,244.5,-8,4324000,1060216500,3156,41.02,1.02,9.95,-295050,0,-51868,-346918,10446,-287,100
2026-10-08,4933,友輝,TPEx,52.6,53.2,52.4,53,-0.2,45000,2376000,38,7.35,5.45,1.13,19000,0,0,19000,1019,0,8
2026-10-08,4939,亞電,TPEx,76.2,80.7,76.2,78.3,1.4,12139000,959985200,8522,91.05,0.32,5.07,-1404163,0,6727,-1397436,6622,485,429
2026-10-08,4946,辣椒,TPEx,99,99.5,98.1,99.5,0.4,11000,1089100,10,42.89,0,5.1,-2000,0,-889,-2889,53,2,0
2026-10-08,4950,金耘國際,TPEx,15.6,15.9,15.5,15.9,0.2,13000,204450,5,20.13,0,1.66,-4000,0,0,-4000,,,
2026-10-08,4951,精拓科,TPEx,89,89.3,88.2,88.3,-0.4,140000,12410200,123,13.84,5.1,3.22,-20000,0,-1523,-21523,990,-8,6
2026-10-08,4953,緯致,TPEx,117.5,118,116.5,117,-1,182000,21351500,133,11.76,4.39,2.03,20025,0,-497,19528,992,-11,5
2026-10-08,4966,譜瑞-KY,TPEx,563,563,557,558,-10,381000,213311000,328,17.75,3.19,1.94,-194958,17000,-5434,-183392,3704,14,10
2026-10-08,4971,IET-KY,TPEx,603,608,584,596,-8,1092000,650349000,1003,148.63,0.14,6.37,20362,0,-5587,14775,4743,-8,274
2026-10-08,4972,湯石照明,TPEx,16.15,16.2,16.1,16.2,0.05,26000,419400,16,,0,0.64,-2000,0,0,-2000,106,0,0
2026-10-08,4973,廣穎,TPEx,145,149,145,149,13.5,1408000,208870500,761,8.4,0.67,2.81,168850,0,34552,203402,2816,-52,76
2026-10-08,4974,亞泰,TPEx,69.2,69.4,68.9,68.9,-0.8,148000,10245200,84,14.12,5.66,1.52,-64000,0,-452,-64452,597,1,0
2026-10-08,4979,華星光,TPEx,570,574,558,565,-14,3417000,1933209000,2812,92.47,0.38,18.12,-376980,-51000,-13262,-441242,13730,-265,114
2026-10-08,4991,環宇-KY,TPEx,513,515,498,511,-7,2289000,1159672000,1948,159.19,0,13.92,-282430,0,-2556,-284986,10005,-2,51
2026-10-08,4995,晶達,TPEx,46.35,47.4,46.35,46.8,0,18000,838850,16,13.3,4.26,2.1,-1000,0,1000,0,2058,-2,0
2026-10-08,5009,榮剛,TPEx,32.9,34,32.7,33.65,0.95,4062000,136118050,1905,16.02,3.57,1.08,1361875,0,49893,1411768,8104,-33,16
2026-10-08,5011,久陽,TPEx,22.5,23,21.7,22.45,-0.2,1498000,33509550,796,,0,1.17,-55993,0,-887,-56880,8869,-132,13
2026-10-08,5013,強新,TPEx,52.7,53.9,50.7,53,0.3,598000,31139000,387,24.2,1.32,1.79,-5000,0,0,-5000,903,60,14
2026-10-08,5014,建錩,TPEx,10.15,10.15,10,10.1,0.05,91000,917450,49,,4.95,0.7,14000,0,0,14000,1792,-5,0
2026-10-08,5015,華祺,TPEx,22.4,22.9,22.35,22.9,0,18000,406200,16,15.17,2.18,1.15,6000,0,0,6000,157,-2,0
2026-10-08,5016,松和,TPEx,27.45,27.45,26.65,26.75,-0.45,93000,2509300,63,13.65,3.74,0.89,-13000,0,0,-13000,186,15,0
2026-10-08,5201,凱衛,TPEx,27.35,28.15,27.35,28.15,0.85,35000,978200,32,,1.78,1.71,1000,0,0,1000,6624,-41,0
2026-10-08,5202,力新,TPEx,14.35,14.4,14.05,14.05,-0.35,507000,7185550,309,,1.42,1.19,-101999,0,0,-101999,1642,-6,102
2026-10-08,5205,中茂,TPEx,33.3,33.3,33.2,33.3,3,141000,4692400,83,,0,6.04,,,,,,,
2026-10-08,5206,坤悅,TPEx,23.4,23.4,22.95,23,0.3,376000,8688550,205,7.96,6.52,0.96,37000,0,-57000,-20000,1129,-133,0
2026-10-08,5209,新鼎,TPEx,180,182,178.5,181,8,393000,70900500,320,9.94,7.15,4.99,128277,-238,1308,129347,183,21,1
2026-10-08,5210,寶碩,TPEx,29.85,30.05,29.8,29.9,0.05,126000,3770950,64,27.18,0,2.91,6000,0,0,6000,5853,-8,0
2026-10-08,5211,蒙恬,TPEx,20.85,20.9,20.6,20.6,-0.25,24000,497300,20,,0,1.94,-1000,0,0,-1000,315,0,0
2026-10-08,5212,凌網,TPEx,49.05,49.05,48.9,48.9,-0.2,9000,440700,6,7.71,8.59,3.04,,,,,76,0,0
2026-10-08,5213,亞昕,TPEx,20.2,20.2,20,20.05,0,180000,3606700,90,12.45,13.97,1,-26000,0,0,-26000,2829,1,0
2026-10-08,5220,萬達光電,TPEx,21.9,22.4,21.25,22.1,0,90000,1949850,69,138.13,1.36,1.17,4000,0,-2000,2000,318,-8,0
2026-10-08,5223,安力-KY,TPEx,22.5,22.9,22.3,22.4,-0.2,22000,492900,19,,0,0.42,6000,0,0,6000,253,0,0
2026-10-08,5227,立凱-KY,TPEx,29,29,28.65,28.8,-0.05,135000,3886750,83,,0,3.6,-34108,0,0,-34108,17,0,0
2026-10-08,5228,鈺鎧,TPEx,61,61.3,57.3,61.3,5.5,4765000,287319300,2809,30.05,0,4.02,167195,0,-1836,165359,1199,220,19
2026-10-08,5230,雷笛克光學,TPEx,23.8,25,23.75,25,2.25,4397000,109059300,1788,,2,1.06,655645,0,998,656643,1411,405,5
2026-10-08,5245,智晶,TPEx,20,20.6,19.7,19.95,-0.05,88000,1744900,56,,0,1.42,-11000,0,-28000,-39000,802,13,8
2026-10-08,5251,天鉞電,TPEx,31.4,31.4,29.7,29.8,-1.3,178000,5438850,163,26.85,0,2.33,-50000,0,0,-50000,1476,-20,12
2026-10-08,5263,智崴,TPEx,92,98,91,96.1,4.7,863000,82207700,617,45.55,0,1.78,132898,0,5439,138337,4892,153,1
2026-10-08,5272,笙科,TPEx,17.6,17.6,17.5,17.5,-0.2,21000,368050,16,,0,1.18,-6000,0,2,-5998,713,2,0
2026-10-08,5274,信驊,TPEx,16355,17840,15975,17485,-265,1079000,18001935000,1061,116.64,0.46,84.83,-155310,-36480,14605,-177185,134,7,0
2026-10-08,5276,達輝-KY,TPEx,,,,,,0,0,0,17.14,4.44,1.37,,,,,,,
2026-10-08,5278,尚凡*,TPEx,23.25,23.3,23,23.1,0,159000,3674200,93,20.26,5.29,1.85,16000,0,60,16060,1208,-6,0
2026-10-08,5287,數字,TPEx,137,137.5,137,137,-0.5,45000,6166500,31,8.97,8.14,2.97,-25518,-622,0,-26140,212,-1,0
2026-10-08,5289,宜鼎,TPEx,1270,1280,1250,1250,-10,1020000,1286505000,915,6.94,1.36,5.17,-197887,16200,-19833,-201520,5127,41,7
2026-10-08,5291,邑昇,TPEx,64.5,65.9,62.1,62.2,-2.1,429000,27135100,314,50.98,0,2.52,-99625,0,1498,-98127,4186,-16,150
2026-10-08,5299,杰力,TPEx,99.5,99.9,98.1,98.1,-1.4,178000,17591100,134,12.22,3.73,1.5,-71050,0,-1077,-72127,680,-25,2
2026-10-08,5301,寶得利,TPEx,6,6,5.8,5.8,-0.2,27000,158550,5,,0,0.62,,,,,0,0,0
2026-10-08,5302,太欣,TPEx,9.79,9.85,9.74,9.82,0.01,237000,2316980,122,,0,1.27,10000,0,0,10000,0,0,0
2026-10-08,5309,系統電,TPEx,69,69.9,66.4,67.8,0.6,17093000,1163756500,9371,398.82,0.74,2.95,-2314820,-2000,91077,-2225743,13426,-611,252
2026-10-08,5310,天剛,TPEx,30.15,30.15,28.6,28.6,-0.8,47000,1357100,26,14.16,0,2.47,1000,0,5000,6000,194,12,0
2026-10-08,5312,寶島科,TPEx,89,89.5,89,89.3,-0.1,12000,1071200,12,12.2,7.28,1.25,0,0,0,0,366,0,0
2026-10-08,5314,世紀*,TPEx,27.5,27.95,27.05,27.15,-0.4,15321000,417916550,6814,5.86,116.46,4.39,-2508317,0,-61862,-2570179,17351,138,2546
2026-10-08,5315,光聯,TPEx,19.15,19.3,19,19.25,0.15,234000,4499700,116,11.6,8.31,1.18,45000,0,0,45000,2367,-17,0
2026-10-08,5321,美而快,TPEx,69.7,71.4,69.4,70.8,0.7,196000,13849900,132,,0,5.29,83000,0,0,83000,5475,4,25
2026-10-08,5324,士開,TPEx,12.35,12.6,12.35,12.5,-0.05,47000,587000,23,,0,1.92,1000,0,0,1000,0,0,0
2026-10-08,5328,華容,TPEx,57.8,59.5,57,58.3,0.3,4132000,241246000,3010,82.11,0.6,4.43,-8397,0,19972,11575,7317,54,243
2026-10-08,5340,建榮,TPEx,91,97,90.6,94.4,4.4,14331000,1336818600,10246,51.87,0.64,7.76,-1226900,0,-28986,-1255886,5757,105,125
2026-10-08,5344,立衛,TPEx,14.4,14.4,14,14.1,-0.25,34000,480150,24,,0,2.22,,,,,0,0,0
2026-10-08,5345,馥鴻,TPEx,21.1,21.55,20.9,21.55,-0.2,13000,272950,10,,0,3.83,,,,,0,0,0
2026-10-08,5347,世界,TPEx,189.5,191,185,186.5,-3.5,10335000,1940699000,6582,40.37,2.4,5.56,1086746,-642000,17393,462139,10722,101,232
2026-10-08,5348,正能量智能,TPEx,17.45,18.05,17.3,17.3,-0.1,32000,560800,17,,0,2.35,,,,,,,
2026-10-08,5351,鈺創,TPEx,115.5,118.5,114.5,115,0.5,11869000,1373728500,6903,17.8,0,5.24,-1516753,12000,-15035,-1519788,14388,130,451
2026-10-08,5353,台林,TPEx,29.2,29.2,28.6,28.9,0.2,19000,546800,16,15.97,3.46,1.5,-1000,0,0,-1000,1261,-5,1
2026-10-08,5355,佳總,TPEx,7.76,7.8,7.5,7.77,0.01,121000,938910,33,,0,1.79,6000,0,0,6000,0,0,0
2026-10-08,5356,協益,TPEx,26.25,26.25,25.75,25.75,-0.15,62000,1603900,40,11.6,7.77,0.6,-22000,0,0,-22000,5409,-12,0
2026-10-08,5364,力麗店,TPEx,8.29,8.35,8.29,8.35,0.05,15000,124780,12,,0,0.77,-2000,0,325,-1675,1388,7,0
2026-10-08,5381,光譜,TPEx,22.15,22.25,21.6,21.6,-0.4,850000,18563700,408,27.34,0,1.95,-74782,0,0,-74782,3311,-19,0
2026-10-08,5386,青雲,TPEx,279,295,279,282.5,1,999000,286151500,842,4,2.3,3.19,-162555,0,1651,-160904,1917,20,20
2026-10-08,5392,能率,TPEx,38.85,38.85,38.2,38.2,-0.75,968000,37258800,607,56.18,1.05,1.16,-379000,0,-24808,-403808,9458,79,3
2026-10-08,5398,慕康生醫,TPEx,16.4,16.5,15,15.3,0.3,824000,13072250,486,153,0,1.46,-22000,0,-493,-22493,3298,68,1
2026-10-08,5403,中菲,TPEx,91.6,91.8,91.5,91.8,0.2,24000,2198100,19,11.68,7.08,2.81,-6000,0,0,-6000,80,0,0
2026-10-08,5410,國眾,TPEx,33.25,33.5,33.25,33.5,0.05,121000,4046200,87,9.85,6.19,1.95,-9200,0,369,-8831,1769,0,8
2026-10-08,5425,台半,TPEx,102.5,103.5,99.9,100.5,-4,7279000,735184000,4846,36.55,2.01,3.22,-1578485,0,-223671,-1802156,13342,-461,319
2026-10-08,5426,振發,TPEx,30.2,30.3,29.25,29.25,-0.95,712000,21136150,482,46.43,1.03,1.83,-247742,0,-747,-248489,3123,32,2
2026-10-08,5432,新門,TPEx,194.5,195.5,179.5,179.5,-15.5,570000,106046000,472,19.34,0.84,7.16,8581,0,-938,7643,969,-66,4
2026-10-08,5438,東友,TPEx,17,17.1,16.9,17.1,0,48000,815000,39,,4.39,0.59,-1000,0,0,-1000,963,6,1
2026-10-08,5439,高技,TPEx,262,269,254,260.5,-1.5,1906000,499487000,1572,14.4,2.76,6,-362323,0,20263,-342060,8122,119,48
2026-10-08,5443,均豪,TPEx,112,113,109.5,110.5,-3,1065000,118192500,804,48.68,1.99,0.88,-43436,0,-10817,-54253,4814,37,102
2026-10-08,5450,南良,TPEx,14.55,14.8,14.45,14.8,0.2,108000,1578050,68,21.45,1.69,1.01,-3000,0,-899,-3899,490,-8,0
2026-10-08,5452,佶優,TPEx,31,31.2,30.15,30.45,-0.75,1658000,50744950,1125,55.36,0.82,2.07,-324463,0,-8043,-332506,4134,26,20
2026-10-08,5455,昇益,TPEx,30.8,30.8,30.8,30.8,0,2000,61600,2,,0,1.48,,,,,132,0,0
2026-10-08,5457,宣德,TPEx,23.85,24.05,23.3,23.3,-0.55,704000,16575950,451,31.07,6.44,0.83,-50898,0,-5329,-56227,4942,0,41
2026-10-08,5460,同協,TPEx,19.05,21.15,18.2,20.75,1.5,3674000,75076000,1802,122.06,0,1.64,91000,0,1900,92900,1028,128,10
2026-10-08,5464,霖宏,TPEx,94.8,95,91.3,94.6,1.2,347000,32423500,256,201.28,0,5.09,29000,0,-5691,23309,8942,-4,34
2026-10-08,5465,富驊,TPEx,33.55,33.7,32.5,32.75,-0.8,380000,12587450,263,20.47,3.66,1.95,-60148,0,0,-60148,1604,-15,3
2026-10-08,5468,凱鈺,TPEx,24.35,24.4,23.95,23.95,-0.4,82000,1976000,69,,0,2.5,-24000,0,-864,-24864,0,0,0
2026-10-08,5474,聰泰,TPEx,159,162,159,159.5,-1.5,62000,9927500,60,27.26,2.51,3.24,-4970,0,-1203,-6173,1359,12,6
2026-10-08,5475,德宏,TPEx,194,203,192,203,10,16848000,3342515000,12709,157.36,0,23.69,-1155827,0,45935,-1109892,0,0,0
2026-10-08,5478,智冠,TPEx,96.8,97.7,96.8,97.1,0.3,52000,5059800,44,11.93,7.72,1.67,-17000,0,-514,-17514,348,1,0
2026-10-08,5481,新華,TPEx,20.45,20.45,20,20.45,0.05,56000,1135950,34,,0,1.16,-12000,0,0,-12000,4806,25,0
2026-10-08,5483,中美晶,TPEx,221,221,208.5,216.5,-7.5,20904000,4481774500,14433,24.14,1.62,2.6,-4001044,198000,-699769,-4502813,16430,-151,513
2026-10-08,5487,通泰,TPEx,30.4,30.4,28.9,28.95,-0.9,171000,5000400,129,,0,1.34,-6000,0,2,-5998,1750,-7,0
2026-10-08,5488,松普,TPEx,11.95,11.95,11.75,11.9,-0.05,267000,3159800,114,,0.5,1.07,28000,0,0,28000,2837,-21,0
2026-10-08,5489,彩富,TPEx,41.6,41.6,41.1,41.5,-0.45,20000,827350,18,19.86,3.61,1.83,1000,0,0,1000,606,1,0
2026-10-08,5490,同亨,TPEx,25.6,25.6,25.4,25.4,-0.15,80000,2035850,60,12.33,5.91,1.75,-16263,0,0,-16263,2877,-4,0
2026-10-08,5493,三聯,TPEx,90,92,89.5,91.3,1.1,75000,6775700,67,16.27,2.96,2.19,-1960,0,687,-1273,2351,-5,5
2026-10-08,5498,凱崴,TPEx,54.9,55.4,53.1,54.1,-0.7,1466000,79362400,1063,154.57,0.46,4.78,-86804,0,-3209,-90013,5456,66,20
2026-10-08,5508,永信建,TPEx,53.9,54.2,53.4,53.8,-0.1,159000,8543000,107,17.58,5.16,2.14,40071,0,-51,40020,2716,-22,0
2026-10-08,5511,德昌,TPEx,68.1,70.7,68.1,70,1.6,186000,12965500,135,4.91,7.98,1.1,48409,0,-4000,44409,349,-25,9
2026-10-08,5512,力麒,TPEx,7.52,7.59,7.5,7.54,0.03,200000,1507250,104,53.86,1.33,0.43,41660,0,149,41809,4294,-9,0
2026-10-08,5514,三豐,TPEx,14.9,15.1,14.85,15.1,0,60000,900100,14,62.92,0,1,0,0,0,0,42,0,0
2026-10-08,5516,雙喜,TPEx,11.75,12.7,11.7,12.7,0.75,30000,363100,20,12.45,0,1.41,0,0,-648,-648,0,0,0
2026-10-08,5520,力泰,TPEx,,,,,,0,0,0,8.59,8.28,1.54,,,,,2,0,0
2026-10-08,5523,豐謙,TPEx,30.2,30.35,30.2,30.35,0,10000,303050,9,,1.65,1.66,-1000,0,0,-1000,3,0,0
2026-10-08,5529,鉅陞,TPEx,25.65,25.95,25.15,25.75,0.15,117000,2992050,58,7.19,1.5,1.7,7000,0,0,7000,2885,119,0
2026-10-08,5530,龍巖,TPEx,48.3,48.3,47.8,48.15,-0.15,263000,12623550,183,14.37,0,0.65,93000,0,0,93000,1614,-67,0
2026-10-08,5536,聖暉*,TPEx,1050,1085,1025,1030,-15,2984000,3123125000,2666,25.74,1.94,7.69,-293617,615500,-66807,255076,1542,-168,13
2026-10-08,5543,桓鼎-KY,TPEx,28.25,28.25,26.6,26.6,0.1,8000,215650,5,56.6,0,2.48,,,,,3,1,0
2026-10-08,5547,久舜,TPEx,20.2,20.2,20,20.15,-0.05,46000,927100,26,10.33,9.63,1.24,1000,0,0,1000,61,21,0
2026-10-08,5548,安倉,TPEx,20.1,20.1,20,20.1,0,21000,420750,11,10.1,9.34,1.04,3000,0,0,3000,29,0,0
2026-10-08,5601,台聯櫃,TPEx,28.7,29.3,28.6,29.3,0.15,9000,258700,4,71.46,1.3,1.38,-1000,0,0,-1000,2,1,0
2026-10-08,5603,陸海,TPEx,14.05,14.2,13.95,14,-0.1,65000,914500,50,35,3.57,0.79,-16000,0,0,-16000,2742,18,1
2026-10-08,5604,中連,TPEx,31.65,31.65,31.55,31.6,-0.1,7000,221350,7,30.1,6.33,1.76,0,0,0,0,24,-3,0
2026-10-08,5609,中菲行,TPEx,78.7,79.2,78.7,79.1,0.4,161000,12728600,108,10.33,7.08,1.77,22110,0,0,22110,111,1,0
2026-10-08,5701,劍湖山,TPEx,4.05,4.13,4,4,-0.19,186000,745910,31,,0,1.29,9000,0,0,9000,0,0,0
2026-10-08,5703,亞都,TPEx,,,,,,0,0,0,16.83,0,1.75,,,,,0,0,0
2026-10-08,5704,老爺知,TPEx,22.5,23.1,22.5,22.85,0.35,60000,1368750,12,163.21,0,1.37,-1000,0,0,-1000,49,-1,0
2026-10-08,5864,致和證,TPEx,39.05,39.7,38.8,39.45,0.05,1796000,70447700,865,2.85,4.06,1.39,-111504,0,0,-111504,11040,55,35
2026-10-08,5878,台名,TPEx,37.5,37.5,37.5,37.5,0,3000,112500,3,14.94,6.4,1.81,,,,,,,
2026-10-08,5902,德記,TPEx,34.2,34.2,33.7,34,-0.05,29000,983300,20,16.27,4.85,2.6,0,0,0,0,6471,-154,0
2026-10-08,5903,全家,TPEx,185,185.5,185,185.5,0,8000,1483500,8,23.63,3.5,4.72,-783,0,0,-783,166,2,0
2026-10-08,5904,寶雅*,TPEx,70.3,70.3,69.1,69.5,-0.6,2145000,149075300,1374,20.44,3.66,1.02,-926930,85000,-18440,-860370,5853,-3,16
2026-10-08,5905,南仁湖,TPEx,7.35,7.41,7.32,7.39,0.01,135000,994350,66,,0,0.74,14000,0,0,14000,1743,-8,0
2026-10-08,6015,宏遠證,TPEx,18,18.3,17.85,18.15,0.35,3022000,54704700,1008,4.15,3.03,1.07,581675,0,0,581675,6650,-57,12
2026-10-08,6016,康和證,TPEx,24.2,24.2,23.75,23.95,-0.05,6907000,165364800,1363,3.13,5.87,1.12,1274072,0,0,1274072,5965,-56,28
2026-10-08,6020,大展證,TPEx,20.6,20.75,20.5,20.5,-0.15,5000,103350,5,5.69,1.33,0.94,,,,,357,3,0
2026-10-08,6021,美好證,TPEx,42.8,43.95,42.8,43.25,0.5,331000,14393050,184,3.84,4.63,1.05,116950,0,0,116950,423,86,0
2026-10-08,6023,元大期,TPEx,84.1,84.6,84.1,84.1,-0.4,207000,17461100,165,9.29,6.54,1.35,-43000,0,0,-43000,884,1,0
2026-10-08,6026,福邦證,TPEx,15.85,15.9,15.75,15.8,-0.05,440000,6968900,175,5.72,8.63,0.99,52004,-8145,0,43859,2830,16,0
2026-10-08,6028,公勝保經,TPEx,109,114,106.5,113.5,1.5,59000,6461500,59,11.09,5.29,3.1,4000,0,0,4000,13,2,0
2026-10-08,6101,寬魚國際,TPEx,38.8,39.05,38.05,38.2,-0.55,169000,6490850,152,28.09,0,3.25,-66000,0,0,-66000,8527,53,61
2026-10-08,6103,合邦,TPEx,39.9,39.9,37.1,37.8,-2.1,84000,3241450,74,94.5,0,3.43,2000,0,0,2000,6,1,0
2026-10-08,6104,創惟,TPEx,87.6,88.2,87.2,87.3,-0.2,427000,37366000,301,18.38,5.15,3.69,-85900,0,-12782,-98682,4344,32,3
2026-10-08,6109,亞元,TPEx,10.4,10.5,10.3,10.5,0.2,44000,457450,26,,0,1.23,-5000,0,0,-5000,0,0,0
2026-10-08,6111,光聚晶電,TPEx,35.8,35.95,35.5,35.5,-0.35,81000,2891500,65,,0,1.71,-2820,0,-821,-3641,2238,4,0
2026-10-08,6113,亞矽,TPEx,24.55,25.6,23.7,23.7,0.05,502000,12418050,384,38.85,0,2.24,-68000,0,4000,-64000,1053,18,5
2026-10-08,6114,久威,TPEx,22.5,22.85,22.5,22.6,-0.1,15000,338550,10,5.96,2.21,0.62,3000,0,0,3000,1140,-1,1
2026-10-08,6118,建達,TPEx,16.15,16.25,15.85,16.1,-0.05,129000,2073250,90,100.63,0,1.3,32290,0,0,32290,2328,-16,2
2026-10-08,6121,新普,TPEx,372.5,372.5,363,364,-6,517000,188632500,443,10.99,5.99,1.7,-206800,-2500,2563,-206737,479,8,0
2026-10-08,6122,擎邦,TPEx,60,63.4,59.5,63,3.1,1484000,91863700,1016,13.52,5.4,2.76,278024,-1396,2260,278888,1693,35,24
2026-10-08,6123,上奇,TPEx,43.1,43.1,42.5,42.5,-0.15,18000,767850,14,13.08,8.47,1.63,-4000,0,0,-4000,241,0,0
2026-10-08,6124,業強,TPEx,26.95,27.45,26.8,27.45,0.25,10000,270750,9,52.79,0,1.59,4000,0,0,4000,375,-3,0
2026-10-08,6125,廣運,TPEx,50.1,52.1,49.85,51.2,1.1,967000,49198400,639,176.55,0.98,2.84,176561,0,2956,179517,7191,129,1
2026-10-08,6126,信音,TPEx,32.5,32.5,31.8,31.9,-0.5,555000,17755450,321,40.9,1.87,1.12,19964,0,-9575,10389,2816,19,157
2026-10-08,6127,九豪,TPEx,58.5,64.1,58.5,64.1,5.8,25256000,1568700200,15157,,0,6.06,3247454,0,76592,3324046,5222,238,401
2026-10-08,6129,普誠,TPEx,14.45,14.45,14.2,14.25,-0.05,154000,2198650,101,,0,1.39,-31814,0,0,-31814,25,0,0
2026-10-08,6130,上亞科技,TPEx,22.5,23,22.05,23,0.15,88000,1982500,52,,0,1.81,-12000,0,0,-12000,4223,22,0
2026-10-08,6134,萬旭,TPEx,28.35,28.45,28,28,-0.35,199000,5599750,143,35.44,0.71,1.87,-3000,0,6705,3705,4912,-54,0
2026-10-08,6138,茂達,TPEx,268,271,266.5,267,-3.5,504000,134974000,400,17.96,4.1,5.29,-135545,0,-5151,-140696,1620,55,14
2026-10-08,6140,訊達,TPEx,20.05,20.15,20,20.15,0.1,195000,3914550,123,,0,2.04,-31283,0,0,-31283,663,0,0
2026-10-08,6143,振曜,TPEx,78,78.1,77,77,-1.3,481000,37184500,396,9.78,7.79,2.34,-163000,0,0,-163000,2980,-12,7
2026-10-08,6144,得利影,TPEx,13.35,13.35,12.95,13.3,0.05,7000,92550,6,,0,1.62,,,,,0,0,0
2026-10-08,6146,耕興,TPEx,182,197.5,182,191.5,10,1381000,264416500,1010,16.78,6.27,3.65,374047,-1000,14361,387408,868,231,1
2026-10-08,6147,頎邦,TPEx,230,236.5,222,226,-5.5,47794000,10984076000,29406,54.59,1.24,2.88,-4956348,2016000,-1505129,-4445477,40346,-2282,639
2026-10-08,6148,驊宏資,TPEx,37.1,37.65,36.65,37.15,0.05,744000,27639250,537,34.4,3.31,3.11,-39000,0,0,-39000,2579,-24,357
2026-10-08,6150,撼訊,TPEx,64.8,65,62.5,64,-1,377000,24087000,227,15.69,0.94,1.82,76000,0,588,76588,3061,-94,20
2026-10-08,6151,晉倫,TPEx,35.65,35.7,35.1,35.15,-0.5,77000,2721100,61,15.02,4.27,1.89,-33000,0,0,-33000,1469,6,0
2026-10-08,6154,順發,TPEx,14.25,14.25,14.15,14.25,0,23000,327650,12,12.5,3.58,0.89,-8000,0,0,-8000,370,2,0
2026-10-08,6156,松上,TPEx,23.6,23.95,23.45,23.8,0.4,808000,19099150,471,59.5,0.84,1.11,-89630,0,397,-89233,4816,-61,20
2026-10-08,6158,禾昌,TPEx,17.8,17.9,17.7,17.9,0.05,38000,676100,31,,0,0.88,1000,0,0,1000,1330,-1,0
2026-10-08,6160,欣技,TPEx,13.85,14.1,13.8,13.95,0.1,35000,487050,21,,0,1.62,-6000,0,0,-6000,317,0,0
2026-10-08,6161,捷波,TPEx,48.95,49,48.75,49,0,27000,1318800,25,11.89,4.49,2.05,-8000,0,0,-8000,718,0,0
2026-10-08,6163,華電網,TPEx,43.05,45.1,41.75,43.85,1,1803000,78603100,1282,49.27,1.32,2.22,51579,0,2429,54008,17415,19,15
2026-10-08,6169,昱泉,TPEx,11.8,12,11.7,12,0,19000,224650,14,,0,1.39,1000,0,1,1001,31,0,0
2026-10-08,6170,統振,TPEx,48.9,49.6,48.75,49.6,0.45,185000,9122700,99,10.14,8.06,2.47,84000,0,208,84208,1741,-8,2
2026-10-08,6171,大城地產,TPEx,24.3,24.7,23.9,24.1,0.1,71000,1707850,46,17.59,8.3,1.02,-13000,0,0,-13000,231,-9,0
2026-10-08,6174,安碁,TPEx,58.2,64,58,64,5.8,10210000,637158800,5658,50.39,0.53,4.79,667838,0,30368,698206,2108,276,309
2026-10-08,6175,立敦,TPEx,75.6,78.4,75.1,77.9,0.9,1976000,152370100,1491,24.89,3.85,2.76,186544,0,9429,195973,4019,-52,44
2026-10-08,6179,亞通,TPEx,37.35,39.4,37.3,37.8,0.05,9499000,361840250,4581,51.78,1.32,1.79,-606532,0,-19316,-625848,24175,154,419
2026-10-08,6180,橘子,TPEx,39.5,39.6,38.7,39.15,-0.5,835000,32657200,538,,2.62,1.73,111000,0,0,111000,2216,35,13
2026-10-08,6182,合晶,TPEx,132,133,125.5,129,-6,59848000,7705340500,34755,560.87,0,4.74,-8917917,0,-1790304,-10708221,72526,-2056,1824
2026-10-08,6185,幃翔,TPEx,12.5,12.5,12.3,12.3,-0.25,382000,4713450,117,53.48,3.19,0.86,5000,0,0,5000,1122,22,11
2026-10-08,6186,新潤,TPEx,28.95,28.95,28.75,28.9,-0.05,146000,4213850,112,5.7,17.33,1.23,-5096,0,0,-5096,1189,4,3
2026-10-08,6187,萬潤,TPEx,1500,1595,1490,1525,-10,2885000,4452985000,2581,79.06,0.76,17.43,-335520,131217,32374,-171929,5251,141,56
2026-10-08,6188,廣明,TPEx,62.8,63.1,62.3,62.5,0,665000,41587200,500,22.24,5.12,1.36,-258000,0,-413,-258413,8175,23,9
2026-10-08,6190,萬泰科,TPEx,75.9,77.7,75.2,76.5,0.1,2832000,216468000,2074,33.7,2.53,3.62,-446227,0,-19936,-466163,8380,51,93
2026-10-08,6194,育富,TPEx,31.75,32.45,31.75,32.25,0.4,88000,2827150,57,27.56,4.65,0.79,7000,0,0,7000,1403,10,1
2026-10-08,6195,詩肯,TPEx,27.8,28.1,27.8,28.05,0,6000,167650,5,14.92,3.57,1.05,2000,0,0,2000,16,0,0
2026-10-08,6198,瑞築,TPEx,,,,,,0,0,0,,0,0.72,,,,,,,
2026-10-08,6199,天品,TPEx,140,142.5,138.5,142,2.5,7921000,1117363500,2299,52.21,0,8.28,-1089240,0,-58884,-1148124,3903,-392,115
2026-10-08,6203,海韻電,TPEx,59.8,60,58.5,59.9,0.1,67000,3980100,48,9.12,6.68,1.68,5000,0,-1058,3942,518,0,2
2026-10-08,6204,艾華,TPEx,111.5,113,107,111.5,0,379000,42008000,328,92.92,0.45,7.17,35249,0,-418,34831,914,8,49
2026-10-08,6207,雷科,TPEx,145.5,148.5,142,146,-1.5,3977000,577741000,2976,96.05,0.41,4.83,-231579,0,261,-231318,7607,-39,760
2026-10-08,6208,日揚,TPEx,79,79.1,78.3,78.3,-1.5,135000,10633900,108,18.42,2.55,2.29,-11993,0,-506,-12499,1648,3,0
2026-10-08,6210,慶生,TPEx,17.55,17.85,17.5,17.85,-0.05,17000,298450,8,,0,1.84,,,,,8,0,0
2026-10-08,6212,理銘,TPEx,,,,,,0,0,0,16.02,0,0.86,,,,,12,0,0
2026-10-08,6217,中探針,TPEx,169,169.5,165,168,-5,2443000,407813500,1843,,0,6.54,26010,0,18586,44596,13299,-181,247
2026-10-08,6218,豪勉,TPEx,60.8,62.9,55.7,56,-4.8,6010000,352804800,3967,33.33,0,3.59,-1433178,0,-337,-1433515,2889,197,100
2026-10-08,6219,富旺,TPEx,12,12.05,11.95,12,0,59000,708250,29,12.77,0,0.76,6550,0,0,6550,7455,-4,0
2026-10-08,6220,岳豐,TPEx,25.7,25.75,25.45,25.5,-0.15,135000,3450800,64,21.98,2.75,1.17,-22000,0,0,-22000,2576,-2,0
2026-10-08,6221,晉泰,TPEx,29.8,30.3,29.65,29.65,-0.4,328000,9780600,240,12.67,4.05,1.64,-40000,0,0,-40000,6770,-19,7
2026-10-08,6222,立軒,TPEx,19.45,19.45,19.45,19.45,-0.55,1000,19450,1,,0,1.53,,,,,32,0,0
2026-10-08,6223,旺矽,TPEx,5450,5665,5450,5575,45,470000,2626510000,446,119.38,0.39,34.35,97750,13732,8405,119887,1228,-9,8
2026-10-08,6227,茂綸,TPEx,141.5,141.5,137.5,138.5,-2,551000,76526500,437,10.77,3.25,3.32,-28166,0,-123216,-151382,1854,20,51
2026-10-08,6228,全譜,TPEx,19.1,19.1,17.8,18,-0.15,26000,478850,20,,0,1.98,-1999,0,0,-1999,46,-1,0
2026-10-08,6229,研通,TPEx,23.8,24.2,23.8,24.1,0.2,37000,890350,27,22.11,2.49,1.36,-5000,0,0,-5000,1223,-1,0
2026-10-08,6231,系微,TPEx,235,235,230.5,232.5,-2,162000,37581000,153,30.84,2.45,9.82,14106,0,4214,18320,2442,-5,9
2026-10-08,6233,旺玖,TPEx,24.85,25.4,24.85,25.15,0.2,336000,8445600,165,114.32,2.98,1.32,71000,0,0,71000,2707,8,5
2026-10-08,6234,高僑,TPEx,42,42.75,39.45,39.5,-2.3,2460000,99421200,1698,37.98,0.63,1.41,-707609,0,-23544,-731153,2732,9,11
2026-10-08,6236,中湛,TPEx,,,,,,0,0,0,1680,0,4.49,,,,,,,
2026-10-08,6237,驊訊,TPEx,35.05,35.35,34.6,34.65,-1,235000,8193750,177,,0.29,1.89,-50000,0,-30000,-80000,3159,17,5
2026-10-08,6240,松崗,TPEx,26.05,26.9,26,26.4,0.15,10000,263300,10,,0,1.71,0,0,-408,-408,1024,5,0
2026-10-08,6241,鑫永洋,TPEx,16.35,16.8,16.2,16.8,0.45,60000,996900,39,22.7,0,1.62,-11000,0,0,-11000,0,0,0
2026-10-08,6242,立康,TPEx,,,,,,0,0,0,14.1,5.91,1.28,,,,,,,
2026-10-08,6244,茂迪,TPEx,22.6,22.7,22.3,22.3,-0.5,2872000,64444950,1703,53.1,0.63,1.89,-1110902,0,-35751,-1146653,11750,71,31
2026-10-08,6245,立端,TPEx,87.3,88.5,86.4,88,0.7,427000,37408000,328,20.09,4.32,2.17,72686,0,32670,105356,2134,34,3
2026-10-08,6246,臺龍,TPEx,12.55,12.9,12.5,12.55,-0.1,36000,452200,21,62.75,0,1.15,0,0,2,2,609,3,0
2026-10-08,6248,沛波,TPEx,17,17.2,16.9,17.15,0,51000,868800,29,13.09,7.09,0.78,0,0,-32,-32,543,10,0
2026-10-08,6259,百徽,TPEx,33.05,33.65,32.2,33.1,0.4,515000,17097650,338,22.21,1.05,2.21,-48030,0,1000,-47030,664,-17,0
2026-10-08,6261,久元,TPEx,77.4,77.5,76,76.4,-1.5,431000,33040900,343,14.89,3.27,1.44,-81369,0,-14883,-96252,3470,-41,5
2026-10-08,6263,普萊德,TPEx,175,177.5,173,176,-2,507000,89016000,435,19.93,4.43,7.07,-3851,0,1,-3850,605,-5,1
2026-10-08,6264,富裔,TPEx,6,6.06,6,6.06,-0.01,15000,90340,13,,0,0.9,,,,,0,0,0
2026-10-08,6265,方土昶,TPEx,48.9,49.85,48.9,49.2,0.05,866000,42699650,548,5.99,0,2.64,12000,0,18604,30604,6472,-56,88
2026-10-08,6266,泰詠,TPEx,26.3,26.6,26.15,26.5,0.1,165000,4342450,109,13.52,6.72,1.66,39000,0,-1,38999,1551,-42,0
2026-10-08,6270,倍微,TPEx,29.8,29.8,29.55,29.7,-0.2,81000,2400500,69,22.67,3.37,0.78,2000,0,617,2617,2241,-1,0
2026-10-08,6274,台燿,TPEx,1705,1750,1645,1740,20,7543000,12865905000,5913,88.37,0.43,21.56,924463,210000,-5806,1128657,16935,-599,96
2026-10-08,6275,元山,TPEx,47.35,47.65,46.7,46.85,-0.5,139000,6545750,110,18.52,4.25,2.25,6951,0,-1678,5273,1818,-2,5
2026-10-08,6276,安鈦克,TPEx,19.1,19.1,19,19,-0.2,3000,57100,3,,0,3.33,,,,,257,0,1
2026-10-08,6279,胡連,TPEx,116.5,117.5,116,116,0,183000,21315500,157,10.18,4.74,1.52,-38766,0,10763,-28003,2382,-3,1
2026-10-08,6284,佳邦,TPEx,79.7,80.4,78.2,78.9,-1.1,637000,50455700,530,20.71,2.39,1.35,15523,0,-3871,11652,5381,-17,15
2026-10-08,6290,良維,TPEx,282,284.5,280,280.5,-4,1485000,417694000,1028,29.87,2.21,6.03,-319752,0,-3740,-323492,16941,-21,41
2026-10-08,6291,沛亨,TPEx,456,471,438.5,439,-30.5,1330000,598960000,1195,37.91,1.37,12.96,-2684,-325000,-21792,-349476,1891,29,5
2026-10-08,6292,迅德,TPEx,68.8,68.8,66.8,66.9,-1.9,297000,19992500,219,12.14,2.69,2.61,-2984,0,4011,1027,628,-35,0
2026-10-08,6294,智基,TPEx,27.75,28,27.7,28,0.25,11000,305550,9,10.53,10.71,1.31,0,0,0,0,134,0,0
2026-10-08,6411,晶焱,TPEx,78.9,78.9,77.5,77.5,-1.2,192000,14942400,158,18.5,2.86,1.53,-63000,0,342,-62658,2100,1,2
2026-10-08,6417,韋僑,TPEx,106.5,106.5,103.5,103.5,-2,193000,20285500,70,15.85,2.32,2.47,-33000,0,333,-32667,2682,-48,3
2026-10-08,6418,詠昇,TPEx,34.35,34.45,34.3,34.3,-0.05,51000,1751900,17,90.26,1.11,2.3,9000,0,0,9000,837,0,0
2026-10-08,6419,京晨科,TPEx,163.5,163.5,156,158.5,-6.5,358000,56595000,315,5.33,0,2.92,-84016,0,-606,-84622,600,-15,2
2026-10-08,6423,億而得,TPEx,86.1,89.3,86.1,87.7,0.6,47000,4088300,40,123.52,1.14,5.12,-5000,0,0,-5000,577,-21,0
2026-10-08,6425,易發,TPEx,73.6,73.6,72,72.1,-1.1,344000,24903000,282,69.33,1.37,2.85,-674,0,-2251,-2925,3034,9,21
2026-10-08,6432,今展科,TPEx,65,67.5,64.5,66.2,0,666000,44024900,556,27.36,1.81,2.4,11855,0,0,11855,2104,-27,47
2026-10-08,6435,大中,TPEx,254,259.5,251,259.5,2.5,248000,63448500,235,19.47,2.89,4.34,-16190,0,-680,-16870,1325,-3,1
2026-10-08,6441,廣錠,TPEx,22.3,22.55,22.2,22.35,-0.2,80000,1786150,71,,0,1.35,-10042,0,0,-10042,649,0,0
2026-10-08,6461,益得,TPEx,29.8,29.8,28.8,29.2,0,167000,4851050,98,,0,3.6,-17000,0,0,-17000,0,0,0
2026-10-08,6462,神盾,TPEx,102.5,102.5,100.5,100.5,-1.5,190000,19226500,146,,0,1.24,9100,0,3211,12311,4056,-1,14
2026-10-08,6465,威潤,TPEx,41.2,42.05,40.45,41.7,0.5,147000,6060700,102,12.19,0.48,3.39,31000,0,-4991,26009,1541,10,0
2026-10-08,6469,大樹,TPEx,64.8,67.5,64.8,66.4,1.7,1045000,69561300,717,19.3,5.66,2.72,39710,0,2577,42287,734,36,2
2026-10-08,6470,宇智,TPEx,42.6,42.85,42.4,42.75,-0.05,22000,936950,19,8.91,5.85,1.43,-1000,0,0,-1000,122,0,0
2026-10-08,6474,華豫寧,TPEx,35.4,35.5,35.4,35.45,-0.1,46000,1630300,21,10.43,7.05,1.1,5000,0,0,5000,73,-32,0
2026-10-08,6482,弘煜科,TPEx,23.1,23.2,23.1,23.2,-0.1,7000,162200,7,12.75,8.62,1.72,1000,0,0,1000,92,0,0
2026-10-08,6485,點序,TPEx,85.6,87.2,81.1,81.2,-4.4,1982000,165458300,1500,,0.59,1.95,-199265,0,2192,-197073,2799,-246,36
2026-10-08,6486,互動,TPEx,78.4,78.4,77.6,78,-0.4,43000,3353600,35,16.25,7.69,2.25,1000,0,-316,684,350,-7,0
2026-10-08,6488,環球晶,TPEx,1180,1195,1095,1130,-85,19326000,21817120000,14698,54.85,0.68,5.59,-1301158,-988900,4250,-2285808,17036,-933,500
2026-10-08,6492,生華科,TPEx,34.2,34.2,33.9,33.9,-0.1,82000,2796550,70,,0,4.91,16490,0,0,16490,90,0,0
2026-10-08,6494,九齊,TPEx,52.1,52.7,50.9,51.3,-0.8,100000,5145900,76,17.21,1.95,1.57,-25011,0,0,-25011,817,-3,0
2026-10-08,6496,科懋,TPEx,23.95,23.95,23.45,23.85,0,19000,448900,19,,0,1.61,-1000,0,0,-1000,117,1,0
2026-10-08,6498,久禾光,TPEx,75.5,75.5,72.5,73.5,-1,134000,9872800,94,9.71,6.12,2.24,-39000,0,-141,-39141,655,19,0
2026-10-08,6499,益安,TPEx,80.5,81.3,79.5,80.6,1.1,267000,21525500,212,,0,6.35,47010,0,0,47010,5455,-30,10
2026-10-08,6506,雙邦,TPEx,18.85,19,18.8,19,0.15,96000,1813600,47,12.75,5.26,1.23,-4000,0,300,-3700,254,6,0
2026-10-08,6508,惠光,TPEx,27.4,27.4,26.05,26.4,0.05,32000,852650,29,25.88,1.89,0.94,3000,0,0,3000,119,0,0
2026-10-08,6509,聚和,TPEx,50.4,51,50.1,50.7,0.3,725000,36774800,497,14.01,2.75,1.79,-13918,-3000,287,-16631,3337,118,201
2026-10-08,6510,精測,TPEx,3000,3320,3000,3320,300,1334000,4308620000,1126,78.3,0.46,10.8,250943,135000,-27097,358846,1189,65,17
2026-10-08,6512,啟發電,TPEx,20.15,20.2,20.1,20.1,-0.1,11000,221550,6,,0,1.53,,,,,,,
2026-10-08,6516,勤崴國際,TPEx,56,56.7,55.8,56.7,0,19000,1065800,18,26.37,4.13,3.35,-1000,0,315,-685,1072,3,0
2026-10-08,6517,保勝光學,TPEx,67.1,67.6,66,66,-2.5,333000,22213900,287,26.29,2.27,3.06,-23337,0,3000,-20337,1542,-8,4
2026-10-08,6523,達爾膚,TPEx,89,89.1,88.9,88.9,-0.2,18000,1602100,15,13.45,11.25,3.14,-1000,0,409,-591,86,0,0
2026-10-08,6527,明達醫,TPEx,74.5,74.5,73.8,74,-1,21000,1554600,11,12.69,3.92,1.82,-2000,0,0,-2000,7,1,0
2026-10-08,6530,創威,TPEx,97.7,99.1,96.1,96.1,-2.1,857000,83448900,659,39.88,2.08,7.02,-55996,0,17,-55979,2077,-2,51
2026-10-08,6532,瑞耘,TPEx,114,117,108,108.5,-8,1515000,168693000,1141,13.5,2.76,3.29,-350433,0,-19577,-370010,4011,95,4
2026-10-08,6535,順藥,TPEx,81,81.7,80.8,81.3,0.3,58000,4707100,53,,0,11,-3705,0,-421,-4126,,,
2026-10-08,6538,倉和,TPEx,346,351.5,322.5,332.5,0.5,6206000,2093795500,5067,191.09,0.46,6.46,-1224394,0,-26011,-1250405,8398,242,220
2026-10-08,6542,隆中,TPEx,38.4,38.6,38.15,38.15,-1.45,9000,344700,9,86.7,0.05,2.22,1000,0,0,1000,234,0,0
2026-10-08,6546,正基,TPEx,61.5,61.9,61.2,61.5,0,78000,4792400,63,15.07,4.07,1.93,-20000,0,-16,-20016,2467,15,10
2026-10-08,6547,高端疫苗,TPEx,62.1,63,61.6,62,0.6,3934000,244911800,2287,,0,5.74,-123096,0,19000,-104096,12530,-82,774
2026-10-08,6548,長科*,TPEx,78,78,76.3,77.3,-0.6,3317000,255784100,2228,34.82,1.75,5.51,-482669,243000,-85035,-324704,8292,-57,0
2026-10-08,6556,勝品,TPEx,61.9,61.9,61.9,61.9,-0.4,3000,185700,3,8.01,5.65,1.11,-1000,0,-14,-1014,,,
2026-10-08,6560,欣普羅,TPEx,33.05,33.05,32.7,32.8,-0.25,66000,2163800,29,27.11,0,1.63,-16000,0,0,-16000,443,9,0
2026-10-08,6561,是方,TPEx,310,310,307.5,308.5,-4.5,113000,34860000,90,20.54,4.63,7.28,6000,0,577,6577,145,1,0
2026-10-08,6568,宏觀,TPEx,134,134.5,129,129,-10.5,293000,38335500,245,25.75,1.55,2.54,-131875,0,-1739,-133614,817,0,0
2026-10-08,6569,醫揚,TPEx,92.1,92.1,91.1,91.4,0.4,27000,2475500,14,19.45,3.28,2.3,-9000,0,5411,-3589,301,0,1
2026-10-08,6570,維田,TPEx,47.05,47.35,46.8,47.2,-0.2,72000,3385350,55,18.66,2.33,2.08,-25000,0,0,-25000,437,-6,0
2026-10-08,6574,霈方,TPEx,120,123,118,123,3,45000,5420500,43,9.29,2.44,2.53,7000,0,193,7193,,,
2026-10-08,6576,逸達,TPEx,78.3,79,78.2,78.2,-0.8,39000,3058500,32,558.57,0,9.68,-11923,0,0,-11923,,,
2026-10-08,6577,勁豐,TPEx,80.3,80.3,79.5,80,-0.5,13000,1039400,12,11.07,6.25,3.4,-2000,-245,1000,-1245,136,-2,0
2026-10-08,6578,達邦蛋白,TPEx,16.35,16.95,16.35,16.65,0.45,43000,713650,33,,2.4,1.19,-1000,0,223,-777,1745,-6,0
2026-10-08,6584,南俊國際,TPEx,539,539,528,531,-7,172000,91474000,167,50.43,0.46,10.16,7010,0,234,7244,1982,-12,4
2026-10-08,6588,東典光電,TPEx,109.5,109.5,106.5,107.5,-1.5,490000,52720000,365,597.22,0,4.77,-67613,0,197,-67416,2545,-31,77
2026-10-08,6590,普鴻,TPEx,64,64.3,63.5,64,-0.3,14000,893500,14,12.33,2.34,2.27,-1200,0,0,-1200,,,
2026-10-08,6593,台灣銘板,TPEx,32.2,32.4,31.7,32.3,0.1,18000,576900,18,,0,1.2,-4000,0,0,-4000,1654,2,0
2026-10-08,6596,寬宏藝術,TPEx,96.6,97.1,96.4,96.8,0.1,99000,9576700,79,4.84,19.32,2.99,38000,0,6000,44000,548,2,0
2026-10-08,6597,立誠,TPEx,64.6,69,64.6,69,4.2,17000,1131300,17,43.67,1.45,2.62,,,,,,,
2026-10-08,6603,富強鑫,TPEx,28.8,29.85,28.7,29.55,0.75,3022000,88664300,1553,37.88,1.36,1.85,618104,0,22070,640174,7378,-163,58
2026-10-08,6604,儒億,TPEx,25.25,25.4,25.25,25.3,-0.05,168000,4252150,128,6.57,5.14,1.18,-12000,0,0,-12000,,,
2026-10-08,6609,瀧澤科,TPEx,39.15,39.15,38.05,38.65,-0.35,50000,1932700,44,,0,1.18,2000,0,0,2000,1543,-3,3
2026-10-08,6612,奈米醫材,TPEx,74,74,71.8,71.9,-0.3,17000,1228400,17,36.5,1.82,1.79,-3201,0,0,-3201,529,0,0
2026-10-08,6613,朋億*,TPEx,289.5,290.5,284.5,286,-4,184000,52754500,162,16.91,3.5,3.46,-32568,0,-2627,-35195,810,4,3
2026-10-08,6615,慧智,TPEx,33.4,33.45,33.35,33.35,0.05,16000,533850,13,50.53,0,1.11,-1000,0,0,-1000,1,0,0
2026-10-08,6616,特昇-KY,TPEx,8.54,8.73,8.36,8.73,0.23,8000,68650,8,,0,0.73,0,0,0,0,938,0,0
2026-10-08,6617,共信-KY,TPEx,122,123.5,118.5,119,-2.5,295000,35615500,245,,0,6.19,17069,0,0,17069,1758,-26,3
2026-10-08,6620,漢達,TPEx,126.5,133,126,127.5,2.5,2098000,271562500,1486,44.27,1.63,4.13,-260900,0,19142,-241758,11284,-53,40
2026-10-08,6624,萬年清,TPEx,38,38.35,36.7,38.35,0,7000,263650,7,72.36,0.75,1.74,-3000,0,0,-3000,151,0,0
2026-10-08,6629,泰金-KY,TPEx,101,101,101,101,0.5,6000,606000,5,8.84,6.13,2.23,,,,,1252,0,1
2026-10-08,6637,醫影,TPEx,55.5,56.4,55,56,1.6,83000,4619800,72,10.18,8.04,1.4,15000,0,-792,14208,107,2,2
2026-10-08,6640,均華,TPEx,1075,1085,1050,1050,-30,176000,186825000,157,62.69,1.43,5.86,-65503,0,1139,-64364,676,1,4
2026-10-08,6642,富致,TPEx,78.2,79.5,77.6,77.6,-1.5,235000,18337500,162,20.53,2.32,2.67,-37000,0,-77,-37077,862,35,0
2026-10-08,6643,M31,TPEx,497,502,489,489,-9,385000,190018500,358,514.74,0.24,10.96,21130,0,-14655,6475,2271,30,36
2026-10-08,6649,台生材,TPEx,36.15,36.6,36.1,36.6,0.45,14000,510450,10,46.33,2.73,2.39,-4000,0,0,-4000,1107,2,0
2026-10-08,6651,全宇昕,TPEx,142,146.5,141,141.5,-1,227000,32479500,170,15.85,2.83,3.73,-16910,0,988,-15922,1473,-21,1
2026-10-08,6654,天正國際,TPEx,217,220,215,218,1,19000,4131000,18,77.03,0,6.71,3000,0,-787,2213,3359,1,6
2026-10-08,6661,威健生技,TPEx,,,,,,0,0,0,,0,1.47,,,,,,,
2026-10-08,6662,樂斯科,TPEx,,,,,,0,0,0,17.78,5.45,1.7,,,,,,,
2026-10-08,6664,群翊,TPEx,374,376.5,370.5,373.5,-4.5,209000,77829500,187,22.46,2.72,5.46,48174,2000,-6713,43461,1178,-53,7
2026-10-08,6667,信紘科,TPEx,280,285,273.5,283,4.5,833000,233796000,706,19.34,4.14,5.61,110704,0,-4895,105809,2181,73,10
2026-10-08,6679,鈺太,TPEx,198,199,196,196.5,-2.5,158000,31105000,148,15.92,3.31,1.78,-50000,0,-11487,-61487,1254,-18,1
2026-10-08,6680,鑫創電子,TPEx,,,,,,0,0,0,53.3,0.6,2.19,,,,,,,
2026-10-08,6683,雍智科技,TPEx,1425,1455,1410,1415,-30,595000,847560000,559,63.17,0.64,13.79,-24499,14000,12180,1681,2594,-44,36
2026-10-08,6684,安格,TPEx,48,48.35,47.85,48.05,-0.4,34000,1633000,33,,0,1.39,6000,0,0,6000,1591,0,9
2026-10-08,6690,安碁資訊,TPEx,177,180,177,178,0,101000,18040500,90,16.26,5.06,1.77,9314,0,596,9910,160,4,1
2026-10-08,6692,進能服,TPEx,23.1,23.3,22.35,22.8,0.2,19000,436850,16,,0.89,1.37,-3000,0,0,-3000,381,-2,0
2026-10-08,6693,廣閎科,TPEx,195,200.5,195,196.5,-0.5,548000,108167000,460,39.46,0.31,7.1,-12957,0,-10656,-23613,4743,-46,35
2026-10-08,6697,東捷資訊,TPEx,41.3,41.5,40.75,40.8,-0.3,26000,1065350,22,13.33,6.37,1.85,,,,,64,0,0
2026-10-08,6703,軒郁,TPEx,99.8,100,99.8,99.9,-0.6,26000,2596600,25,9.73,1,2.54,0,-485,0,-485,42,0,0
2026-10-08,6708,天擎,TPEx,69.5,69.9,67.2,69.2,0.7,483000,33357900,367,223.23,0,5.14,3000,0,0,3000,628,53,87
2026-10-08,6712,長聖,TPEx,162,162,160,161.5,0,176000,28338000,127,34.73,2.48,5.78,-17820,0,327,-17493,1360,-4,2
2026-10-08,6716,應廣,TPEx,138.5,138.5,138.5,138.5,-15,399000,55261500,335,22.3,1.16,4.93,10000,0,-7472,2528,2037,18,148
2026-10-08,6720,久昌,TPEx,123,125,117,117,-7.5,66000,7995000,64,31.97,2.99,4.02,9000,0,-101,8899,1811,8,0
2026-10-08,6721,信實,TPEx,48.5,48.65,48.5,48.5,-0.5,23000,1116350,22,9.58,6.8,1.68,1000,0,0,1000,,,
2026-10-08,6725,矽科宏晟,TPEx,218,218.5,212.5,213.5,-3.5,107000,22910000,88,16.21,3.28,3.34,-49586,0,1053,-48533,379,28,0
2026-10-08,6727,亞泰金屬,TPEx,525,534,517,530,4,761000,400732000,657,49.58,0.85,9.79,60673,0,-3476,57197,5240,-65,12
2026-10-08,6728,上洋,TPEx,108.5,109,108.5,108.5,-0.5,12000,1303000,8,11.9,5.99,1.66,1000,0,0,1000,101,0,0
2026-10-08,6730,常廣,TPEx,33,33,33,33,1.1,2000,66000,2,17.46,4.55,1.62,,,,,2,0,0
2026-10-08,6732,昇佳電子,TPEx,153,153,151.5,152,-1,37000,5627000,36,21.9,3.62,1.6,-6704,0,-125,-6829,741,-2,0
2026-10-08,6733,博晟生醫,TPEx,24.8,24.95,24.7,24.9,0.05,22000,546550,20,,0,3.13,-106,0,140,34,,,
2026-10-08,6735,美達科技,TPEx,63.2,63.2,62.1,62.6,-0.6,44000,2751100,40,44.71,1.12,3.05,-8000,0,-164,-8164,612,1,0
2026-10-08,6739,竹陞科技,TPEx,1095,1100,1055,1080,-20,139000,149580000,128,45.74,1.2,24.43,6900,0,2118,9018,1019,-15,0
2026-10-08,6741,91APP*-KY,TPEx,54.3,54.8,53.8,54.2,0,272000,14766300,209,12.07,3.79,2.01,-111000,0,361,-110639,1220,11,0
2026-10-08,6751,智聯服務,TPEx,51.5,53.4,50.4,51.4,2.6,327000,16960500,249,8.91,5.84,1.23,-35000,0,0,-35000,171,92,0
2026-10-08,6752,叡揚,TPEx,97,97,96.7,97,0.3,14000,1355000,14,14.12,4.95,2.69,-2000,0,0,-2000,394,-2,0
2026-10-08,6761,穩得,TPEx,167,167.5,165.5,166.5,-2,94000,15681500,77,22.44,3.6,3.4,22010,0,-3014,18996,2896,-4,4
2026-10-08,6762,達亞,TPEx,,,,,,0,0,0,314,0.64,4.24,,,,,,,
2026-10-08,6763,綠界科技*,TPEx,41.6,41.7,41.5,41.55,0.05,90000,3743650,73,10.06,7.22,2.56,22000,0,0,22000,1889,8,0
2026-10-08,6767,台微醫,TPEx,24,24.5,24,24.5,0,12000,290150,11,,0,1.68,,,,,,,
2026-10-08,6785,昱展新藥,TPEx,90.3,90.5,88.1,88.1,-2.7,77000,6859600,67,,0.11,2.48,-18000,0,-336,-18336,796,-27,0
2026-10-08,6788,華景電,TPEx,375,390,364.5,375.5,-1.5,1081000,410991000,887,19.45,3.99,5.51,-89373,0,13337,-76036,2583,61,2
2026-10-08,6791,虎門科技,TPEx,100.5,100.5,96.1,99.3,-2.2,20000,1981300,20,20.99,3.53,4.4,1000,0,0,1000,153,1,0
2026-10-08,6803,崑鼎,TPEx,263,265,262.5,265,3,52000,13703000,43,14.32,5.96,2.82,-8000,0,0,-8000,46,3,0
2026-10-08,6804,明係,TPEx,18.2,18.2,17.6,17.85,-0.45,61000,1088500,36,,2.8,0.67,-14000,0,-16000,-30000,126,-2,0
2026-10-08,6811,宏碁資訊,TPEx,275.5,290,273.5,281,8,2047000,578186000,1538,17.41,3.74,5.01,314451,0,5037,319488,837,7,2
2026-10-08,6821,聯寶,TPEx,45.4,45.65,44.9,44.9,-0.65,62000,2798150,50,25.66,2.42,1.94,8000,0,-23,7977,1159,4,1
2026-10-08,6823,濾能,TPEx,61.2,61.2,59.5,59.7,-0.5,33000,1977800,28,,0,3.68,-6000,0,-500,-6500,781,-10,0
2026-10-08,6829,千附精密,TPEx,212,212,209,210,-5,378000,79483000,291,39.33,1.67,6.5,-123000,0,-14366,-137366,1538,6,4
2026-10-08,6840,東研信超,TPEx,94.5,96,91.9,94.5,-0.5,295000,27576700,216,43.95,1.06,2.69,-53271,0,-6051,-59322,2637,106,20
2026-10-08,6841,長佳智能,TPEx,55.9,56.9,55.9,56.7,0.9,187000,10560700,133,84.63,1.76,3.38,59000,0,264,59264,1486,4,1
2026-10-08,6843,進典,TPEx,38.1,38.2,38,38,-0.15,24000,912500,16,20.21,5.26,1.52,,,,,80,0,0
2026-10-08,6844,諾貝兒,TPEx,56.9,56.9,56.1,56.1,-0.8,30000,1685400,29,17.1,7.13,0.67,,,,,,,
2026-10-08,6846,綠茵,TPEx,58,58.4,57.7,58.3,0.6,9000,522800,9,12.4,6.77,1.72,,,,,,,
2026-10-08,6855,數泓科,TPEx,111.5,112,111.5,111.5,-4,13000,1453500,8,11.26,4.93,2.93,,,,,,,
2026-10-08,6856,鑫傳,TPEx,40.3,41.05,40.15,41.05,-0.6,11000,444100,9,13.64,7.31,1.61,,,,,,,
2026-10-08,6859,伯特光,TPEx,120.5,120.5,119,120.5,0,15000,1791500,14,42.73,1.66,2.38,-2070,0,-593,-2663,549,-3,1
2026-10-08,6865,偉康科技,TPEx,26.4,26.6,26.4,26.45,-0.25,6000,158800,5,,5.3,1.21,-1000,0,0,-1000,63,0,0
2026-10-08,6870,騰雲,TPEx,316,326,315,319,3,68000,21705500,67,36.84,1.63,6.14,-11964,0,-2243,-14207,1921,2,105
2026-10-08,6872,浩宇生醫,TPEx,23.4,23.4,21.65,21.8,-0.25,73000,1606250,60,,0,3.17,-2000,0,0,-2000,,,
2026-10-08,6874,倍力,TPEx,70,70.3,69.8,70.3,0,8000,560700,8,16.98,5.69,3.22,-1000,0,0,-1000,117,0,0
2026-10-08,6875,國邑*,TPEx,27.5,27.75,26.9,27,-0.05,192000,5210200,119,,0,2.55,-96000,0,0,-96000,,,
2026-10-08,6877,鏵友益,TPEx,128,134.5,128,134,1.5,232000,30701500,165,,0.37,7.53,-50750,0,10438,-40312,8190,2,11
2026-10-08,6881,潤德,TPEx,216,216,216,216,0.5,4000,864000,4,10.58,8.56,4.21,,,,,,,
2026-10-08,6884,海柏特,TPEx,32.2,32.2,31.3,32.1,1.2,37000,1174250,34,16.72,4.67,1.87,,,,,,,
2026-10-08,6894,衛司特,TPEx,359,370,359,362,-1,78000,28305000,76,22.97,2.35,5.22,-15000,0,321,-14679,446,9,24
2026-10-08,6895,宏碩系統,TPEx,155,155.5,153.5,155.5,0.5,7000,1081000,7,304.9,1.86,5.92,0,0,104,104,863,0,20
2026-10-08,6899,創為精密,TPEx,49.3,50.2,49.3,50.2,0.9,6000,298500,5,11.41,5.58,1.13,,,,,205,0,0
2026-10-08,6903,巨漢,TPEx,325.5,327.5,319,326.5,-0.5,182000,58770500,164,15,2.6,5.9,-28667,0,-11133,-39800,1416,-1,6
2026-10-08,6904,伯鑫,TPEx,,,,,,0,0,0,16.16,4.07,2.26,,,,,,,
2026-10-08,6907,雅特力-KY,TPEx,185,191,181,182.5,-6.5,1425000,261022500,1040,36.65,0.54,7.06,-194993,0,-30283,-225276,2028,-2,13
2026-10-08,6910,德鴻,TPEx,25.45,25.5,25.4,25.5,0.1,5000,127250,5,13.78,6.86,1.73,1000,0,0,1000,12,0,0
2026-10-08,6913,鴻呈,TPEx,131.5,132,129,129.5,-4.5,289000,37704000,248,19.71,1.93,3.24,-90433,0,-8943,-99376,1331,50,2
2026-10-08,6922,宸曜,TPEx,204,205,202,203,-1,63000,12802000,59,21.19,2.38,5.09,-20763,0,-3101,-23864,336,3,0
2026-10-08,6925,意藍,TPEx,70,75.5,69.9,71.3,0.1,445000,32513700,383,24.5,2.81,3.67,-4000,0,0,-4000,429,2,10
2026-10-08,6929,佑全,TPEx,22,22,22,22,-0.5,2000,44000,2,,0,0.98,-1000,0,0,-1000,,,
2026-10-08,6945,圓祥生技,TPEx,137,140.5,129.5,133,-7,771000,102668500,577,,0,5.56,-240980,0,0,-240980,,,
2026-10-08,6953,家碩,TPEx,263,263,255,255,-2,73000,18866500,65,26.21,2.35,4.65,-13935,0,-585,-14520,245,5,0
2026-10-08,6961,旅天下,TPEx,45.95,45.95,45.6,45.6,-0.15,6000,274350,6,17.74,10.96,1.33,,,,,1,0,0
2026-10-08,6967,汎瑋材料,TPEx,72.3,72.8,71.8,71.9,-1.5,89000,6434200,68,13.77,5.15,2.15,11000,0,0,11000,420,-9,0
2026-10-08,6968,萬達寵物,TPEx,41.3,41.35,41.1,41.3,0.2,40000,1648950,24,16.26,3.63,1.55,-1000,0,0,-1000,264,1,0
2026-10-08,6971,惠民實業,TPEx,23.5,25.3,23.45,24.4,0.9,87000,2124100,67,10.61,6.15,1.08,7000,0,0,7000,83,-1,0
2026-10-08,6982,大井泵浦,TPEx,44.7,45.3,44.7,44.8,0.1,26000,1168250,25,,3.56,2.09,1000,0,0,1000,302,-2,0
2026-10-08,6983,華洋精機,TPEx,382,382,366,374.5,-7.5,64000,24020000,60,92.24,0.8,7.49,-16940,0,697,-16243,,,
2026-10-08,6986,和迅,TPEx,44,44.3,44,44.3,0.1,35000,1544600,23,19.87,0.5,2.16,-4000,0,0,-4000,,,
2026-10-08,6996,力領科技,TPEx,167,167.5,165.5,166,0,32000,5325500,30,11.03,6.03,2.58,-11000,0,338,-10662,293,-1,0
2026-10-08,6997,博弘,TPEx,68,68,66.7,66.7,-1.3,6000,402000,6,33.02,6.9,2.92,45,0,0,45,,,
2026-10-08,7402,邑錡,TPEx,100.5,100.5,99.2,99.2,-0.4,59000,5873700,51,,0.5,5.59,-12008,0,-95,-12103,2184,0,5
2026-10-08,7547,碩網,TPEx,61.5,61.5,59.9,60,-1.5,54000,3249400,33,19.42,2.96,2.09,4000,0,0,4000,284,3,0
2026-10-08,7556,意德士,TPEx,303,303,287.5,290,7,110000,32409500,102,33.64,1.56,4.6,-893,0,8926,8033,406,-18,13
2026-10-08,7584,樂意,TPEx,28.2,28.3,28.2,28.2,-1.4,4000,112900,4,,1.45,1.04,1000,0,0,1000,5,0,0
2026-10-08,7642,昶瑞機電,TPEx,65.4,66.4,65,65.9,-1.6,53000,3467600,44,26.68,4.55,2.09,4000,0,0,4000,98,5,0
2026-10-08,7703,銳澤,TPEx,207,207,200.5,202,-4,45000,9107000,39,27.11,3.47,3.47,-6000,0,1249,-4751,474,5,0
2026-10-08,7704,明遠精密,TPEx,60.5,63.3,60.2,62.6,2,95000,5874200,68,19.44,2.88,1.81,33000,0,0,33000,585,-3,0
2026-10-08,7708,全家餐飲,TPEx,91.5,91.5,91.5,91.5,0,14000,1281000,11,12.17,6.01,2.32,,,,,,,
2026-10-08,7709,榮田,TPEx,82.2,83.6,81.5,81.6,-2.1,88000,7215500,80,21.82,1.84,1.88,-20000,0,-749,-20749,296,-10,0
2026-10-08,7712,博盛半導體,TPEx,176,182,173.5,173.5,0.5,716000,126146000,601,25.04,2.31,3,-65419,0,-770,-66189,1198,-8,4
2026-10-08,7713,威力德生醫,TPEx,73.2,73.5,73.2,73.5,0.4,3000,220100,3,13.41,5.58,2.78,,,,,,,
2026-10-08,7714,創泓科技,TPEx,169,171.5,168.5,170,1.5,147000,24982000,134,21.99,2.94,6.17,41000,0,-5,40995,610,-2,0
2026-10-08,7715,裕山,TPEx,26.6,27.5,26.45,26.55,-0.25,58000,1552250,33,18.31,6.78,0.97,-8000,0,3,-7997,542,-1,1
2026-10-08,7716,昱臺國際,TPEx,23.7,24.55,23.6,24.55,-0.25,5000,119700,5,14.53,6.92,1.16,,,,,,,
2026-10-08,7717,萊德光電-KY,TPEx,581,590,570,577,-25,527000,304588000,493,81.61,0.57,13.69,-62184,0,-7903,-70087,1185,-46,10
2026-10-08,7718,友鋮,TPEx,46,46,45.85,45.9,0.1,27000,1238800,11,8.32,5.45,1.35,1000,0,0,1000,123,0,0
2026-10-08,7723,築間,TPEx,21.8,22.75,20.8,22.3,0.5,847000,18350450,538,,0,1.67,8000,0,-6106,1894,285,17,40
2026-10-08,7728,光焱科技,TPEx,643,679,630,631,-6,91000,59047000,81,100.16,0.81,12.11,-9000,0,12032,3032,533,-16,0
2026-10-08,7734,印能科技,TPEx,2710,2715,2640,2710,0,140000,374620000,127,57.12,0.73,11.24,3002,0,2479,5481,1004,13,5
2026-10-08,7738,東聯互動,TPEx,159,162,158,161,3,53000,8474000,45,12.58,6.21,2.34,-2000,0,0,-2000,258,-1,0
2026-10-08,7743,金利食安,TPEx,26,26.1,24.9,26,-1,130000,3317350,82,22.61,1.92,1.46,-1000,0,0,-1000,,,
2026-10-08,7744,崴寶,TPEx,530,532,506,506,-27,108000,55811000,94,23.3,1.38,5.99,-33951,0,-2528,-36479,168,4,0
2026-10-08,7747,昕奇雲端,TPEx,110,111,109,111,0,91000,10096500,5,22.7,3.6,3.16,0,0,-87700,-87700,,,
2026-10-08,7751,竑騰,TPEx,1660,1660,1585,1620,20,181000,293905000,168,62.79,1.11,18.46,33000,2000,137,35137,836,14,2
2026-10-08,7753,星亞,TPEx,35.35,35.75,35.35,35.7,0.2,10000,356850,10,8.11,4.2,1.57,,,,,72,-1,0
2026-10-08,7757,金色三麥,TPEx,88.5,88.9,88.5,88.9,-0.2,9000,798100,9,10.96,8.72,2.15,0,0,0,0,11,0,0
2026-10-08,7767,仁大資訊,TPEx,45.4,45.4,45.35,45.35,-0.1,4000,181550,4,10.01,6.62,1.51,,,,,17,0,0
2026-10-08,7770,君曜,TPEx,39.8,40.7,39.8,40.7,0.7,22000,881000,16,16.02,4.91,2.15,0,0,-11607,-11607,,,
2026-10-08,7772,耀穎,TPEx,143,145.5,134,135,-9.5,480000,66331500,384,170.89,1.11,3.52,90000,0,-104,89896,,,
2026-10-08,7777,能率亞洲,TPEx,37.2,37.6,37.05,37.1,-0.2,658000,24516500,466,29.68,0.67,2.97,6200,0,9945,16145,3574,7,0
2026-10-08,7782,光速火箭,TPEx,25.15,25.15,25.1,25.1,-0.15,17000,427450,8,11.46,8.01,1.27,,,,,46,0,0
2026-10-08,7792,安葆,TPEx,395.5,407,389.5,403.5,-3,853000,340736500,734,36.48,1.98,5.67,28782,0,-29863,-1081,2020,50,12
2026-10-08,7794,宏碁智新,TPEx,29.5,29.5,29.05,29.3,-0.3,36000,1053500,30,12.01,5.46,1.76,-3000,0,0,-3000,,,
2026-10-08,7805,威聯通,TPEx,499.5,509,495,505,12.5,59000,29759500,59,10.64,7.92,2.17,18200,0,1427,19627,92,12,0
2026-10-08,7810,捷創科技,TPEx,249,249,245,245,-3.5,102000,25110000,88,28,2.04,5.23,-8944,0,0,-8944,149,2,0
2026-10-08,7811,民盛,TPEx,73,73,73,73,0,6000,438000,1,10.55,7.77,1.23,,,,,,,
2026-10-08,7814,海昌生技,TPEx,28,28.5,28,28.5,0.5,7000,198150,6,203.57,0,3.91,1000,0,-4000,-3000,,,
2026-10-08,7819,精誠金融,TPEx,33.05,33.05,32.95,32.95,-0.1,28000,923850,17,19.05,5.28,1.4,,,,,,,
2026-10-08,7820,立盈,TPEx,,,,,,0,0,0,48.04,1.36,3.36,,,,,,,
2026-10-08,7825,和亞智慧,TPEx,76.2,77.8,75,75.4,-2.7,233000,17749800,195,37.51,1.86,4.16,6000,0,0,6000,,,
2026-10-08,7828,創新服務,TPEx,1800,1840,1765,1840,40,131000,236290000,130,186.61,0.25,14.42,2000,0,1472,3472,,,
2026-10-08,7839,達人網,TPEx,44.25,44.5,43.1,44,-0.25,10000,440350,9,21.26,4.63,2.81,7000,0,-3000,4000,,,
2026-10-08,7842,天能綠電,TPEx,96.5,96.7,95.5,96.5,-3.2,5000,481900,5,21.98,3.32,2.08,,,,,,,
2026-10-08,7856,漢測,TPEx,4485,4630,4260,4260,-120,488000,2171415000,458,157.89,0.02,63.54,-2403,0,-5800,-8203,,,
2026-10-08,8024,佑華,TPEx,12.05,12.5,12.05,12.35,0.15,110000,1351950,69,,0,1.42,7000,0,0,7000,44,0,0
2026-10-08,8027,鈦昇,TPEx,207,209.5,200,202.5,-6,2001000,408996000,1578,675,0,7.51,48333,0,-5062,43271,9079,-115,170
2026-10-08,8032,光菱,TPEx,36.15,36.15,35.3,36.1,-0.05,22000,788600,20,10.28,3.32,0.85,1000,0,0,1000,627,3,0
2026-10-08,8034,榮群,TPEx,19.35,19.5,19.3,19.45,0.15,40000,774400,27,16.77,6.17,1.63,2000,0,0,2000,3606,7,0
2026-10-08,8038,長園科,TPEx,35,36.5,34.9,36.2,2.1,706000,25379750,278,43.61,0,4.67,301000,0,0,301000,,,
2026-10-08,8040,九暘,TPEx,90.2,90.8,88.2,89,-1.2,967000,86178800,691,1112.5,0,3.46,-40889,0,-3092,-43981,3123,-132,82
2026-10-08,8042,金山電,TPEx,125,138.5,121.5,138.5,12.5,19578000,2605775500,12019,36.26,0.86,4,2289240,0,72379,2361619,7344,-1,301
2026-10-08,8043,蜜望實,TPEx,143,149,140,146.5,1.5,3548000,516935500,2985,35.47,0.61,4.12,18467,0,44734,63201,5379,-21,101
2026-10-08,8044,網家,TPEx,24.35,24.35,24.05,24.2,0.1,245000,5913950,136,,0,0.75,34000,0,0,34000,3369,-8,96
2026-10-08,8047,星雲,TPEx,43.5,45.4,43.5,44.5,-2.45,106000,4658300,84,,0,4.81,1000,0,-1000,0,0,0,0
2026-10-08,8048,德勝,TPEx,52,52,50.3,51.4,-0.1,85000,4339700,68,14.81,4.47,2.52,-31163,0,-4867,-36030,2959,3,0
2026-10-08,8049,晶采,TPEx,24.55,24.55,24.4,24.45,-0.2,58000,1420150,41,12.8,5.73,1.12,-4000,0,0,-4000,231,0,0
2026-10-08,8050,廣積,TPEx,60.6,61.5,60.3,60.4,-0.2,850000,51626800,645,23.05,3.56,1.63,-267000,0,565,-266435,4312,15,6
2026-10-08,8054,安國,TPEx,81.3,82.4,80.8,81,-0.3,598000,48606600,477,,0,3.34,-267000,0,-304,-267304,6766,-2,10
2026-10-08,8059,凱碩,TPEx,17.7,17.95,17.6,17.6,0.05,37000,654250,27,,0,1.99,13000,0,0,13000,0,0,0
2026-10-08,8064,東捷,TPEx,134.5,135,132.5,133.5,-2.5,1712000,228689500,1318,54.94,0.73,5.84,-153159,0,4461,-148698,12608,-7,250
2026-10-08,8066,來思達,TPEx,14.2,14.5,14.2,14.5,-0.25,18000,257100,8,,0,0.97,4000,0,0,4000,555,0,0
2026-10-08,8067,志旭,TPEx,11.5,11.5,11.5,11.5,0.45,1000,11500,1,46,0,1.64,,,,,,,
2026-10-08,8068,全達,TPEx,17.35,18.75,17.3,18.75,1.7,938000,17399100,411,,0,1.36,153000,0,5760,158760,2295,46,1
2026-10-08,8069,元太,TPEx,145,147,144,144,-1,3357000,487193500,2133,14.01,4.09,2.2,-673483,20000,8732,-644751,13873,-1,29
2026-10-08,8071,能率網通,TPEx,21.8,21.85,21.55,21.75,-0.15,184000,3992550,114,,0,1.68,22142,0,0,22142,1902,-5,19
2026-10-08,8074,鉅橡,TPEx,57.9,58.1,56.4,56.5,-1.5,678000,38635300,546,30.87,1.95,2.41,-237999,0,-16296,-254295,3992,45,13
2026-10-08,8076,伍豐,TPEx,21.3,21.55,21.25,21.4,0.05,308000,6600400,176,152.86,3.27,1.68,-18206,0,0,-18206,9304,-15,4
2026-10-08,8077,洛碁,TPEx,41.1,41.3,41.1,41.3,-0.1,3000,123600,3,6.09,4.84,1.72,,,,,,,
2026-10-08,8080,泰霖,TPEx,28.45,28.45,28.3,28.3,0,24000,680600,9,,0,3.43,,,,,0,0,0
2026-10-08,8083,瑞穎,TPEx,160,161,160,161,1,63000,10095500,48,14.14,6.21,5.16,7985,0,0,7985,22,0,0
2026-10-08,8084,巨虹,TPEx,14.4,14.4,14.4,14.4,-1.55,359000,5169600,238,,0,1.96,4000,0,0,4000,,,
2026-10-08,8085,福華,TPEx,15.1,15.5,14.8,15.1,0,360000,5455450,147,,0,1.83,-27000,0,0,-27000,470,-5,0
2026-10-08,8086,宏捷科,TPEx,142.5,154,140,154,14,30289000,4541372500,15525,28.73,1.09,3.57,2111271,0,101729,2213000,14200,402,660
2026-10-08,8087,麗升能源,TPEx,22.85,22.9,22.6,22.85,-0.65,15000,340900,13,,0,1.13,0,0,0,0,336,3,0
2026-10-08,8088,品安,TPEx,44.9,45.3,43.8,43.8,-0.65,449000,20000800,362,14.65,3.42,2.39,-85000,0,-675,-85675,3742,-8,20
2026-10-08,8089,康全電訊,TPEx,19.3,19.4,19.15,19.4,0.05,86000,1654200,53,,0,1.28,13000,0,0,13000,1461,-3,0
2026-10-08,8091,翔名,TPEx,229.5,231.5,226.5,230,-3.5,270000,61813500,254,24.06,1.83,3.07,-89797,0,-2852,-92649,2549,17,91
2026-10-08,8092,建暐,TPEx,12.2,13.15,12.1,12.75,0.75,231000,2963000,139,85,0,1.35,53000,0,0,53000,,,
2026-10-08,8093,保銳,TPEx,26.3,26.4,25.9,26.3,-0.05,43000,1128250,38,,0,2.71,4000,0,0,4000,0,0,0
2026-10-08,8096,擎亞,TPEx,89.7,90.9,88.2,90.3,0.2,1794000,160883100,1289,24.94,0.55,4.35,-76297,0,7822,-68475,17165,-116,45
2026-10-08,8097,常珵,TPEx,48.3,48.4,47.9,48.2,-0.1,59000,2840050,30,,0,3.03,-7000,0,0,-7000,9360,21,1
2026-10-08,8099,大世科,TPEx,58.9,59.4,58.2,58.7,-0.2,51000,2991000,34,17.84,3.58,3.59,0,0,-394,-394,13021,8,12
2026-10-08,8102,傑霖科技,TPEx,60.4,60.7,60.2,60.5,-0.3,11000,664800,10,24.01,1.65,3.3,,,,,12,-1,0
2026-10-08,8107,大億金茂,TPEx,11.75,11.95,11.75,11.9,0,23000,272700,18,9.52,0,0.56,3000,0,0,3000,1688,-11,0
2026-10-08,8109,博大,TPEx,135.5,136.5,133.5,136,1,143000,19339000,112,18.3,3.31,3.69,-17343,-1000,1339,-17004,693,-4,5
2026-10-08,8111,立碁,TPEx,93,97.2,92.6,93.7,-0.3,16902000,1605456200,11034,82.19,0.64,7.4,727877,0,-23813,704064,13222,-246,995
2026-10-08,8121,越峰,TPEx,33.5,35.3,32.55,34.4,-0.25,2768000,93743850,1775,430,0,3.62,-838945,0,37317,-801628,0,0,0
2026-10-08,8147,正淩,TPEx,142,142,139,139,-3,129000,18097000,114,54.3,2.18,3.95,-42809,0,-6630,-49439,1630,-19,0
2026-10-08,8155,博智,TPEx,332.5,332.5,322.5,326.5,-7.5,442000,144292500,408,28.15,1.58,5.3,-28184,-48000,-20725,-96909,3729,-8,103
2026-10-08,8171,天宇,TPEx,21,21.15,20.85,21.15,0.1,113000,2372150,50,,0,1.28,22000,0,0,22000,8462,-17,1
2026-10-08,8176,智捷,TPEx,9.72,9.72,9.64,9.65,-0.07,114000,1100810,50,31.13,0,1.13,-1000,0,10,-990,0,0,0
2026-10-08,8182,加高,TPEx,43.8,46.55,42.75,45.7,1.9,2946000,133203450,2196,43.52,0.55,1.36,257055,0,-3369,253686,2020,17,6
2026-10-08,8227,巨有科技,TPEx,370,370,335,335,-37,1183000,409063500,1041,65.05,0.51,11.04,-60455,0,-13059,-73514,3399,-152,389
2026-10-08,8234,新漢,TPEx,62,63.7,62,63.4,1.6,497000,31298200,383,,0.63,2.96,67499,0,-745,66754,3888,48,37
2026-10-08,8240,華宏,TPEx,55.1,55.5,54.1,54.5,-1.2,385000,21010500,298,23.19,2.39,1.14,44000,0,-21528,22472,2568,-7,29
2026-10-08,8255,朋程,TPEx,151,151.5,149,150.5,-2.5,236000,35422000,174,22.3,2.32,1.67,-55445,0,-2085,-57530,2216,-7,1
2026-10-08,8272,全景軟體,TPEx,60.2,60.6,60,60.6,0.4,6000,361200,6,13.23,4.62,1.95,,,,,,,
2026-10-08,8277,商丞,TPEx,15.5,15.5,15.1,15.45,-0.05,26000,399500,20,,0,1.4,-3000,0,0,-3000,0,0,0
2026-10-08,8279,生展,TPEx,80.5,80.9,80.4,80.9,0.1,22000,1770800,16,9.7,6.18,0.94,-5000,0,0,-5000,172,1,0
2026-10-08,8284,三竹,TPEx,67.6,68,67.5,68,0.1,11000,746300,9,10.4,5.89,2.41,0,0,-152,-152,14,0,0
2026-10-08,8289,泰藝,TPEx,55,60.9,54.4,60.9,5.5,4770000,281479800,2750,57.45,0.25,2.53,423130,0,30162,453292,3593,25,176
2026-10-08,8291,尚茂,TPEx,26.95,27.75,26.95,27.3,-0.4,8000,219000,8,,0,8.22,-3000,0,0,-3000,,,
2026-10-08,8299,群聯,TPEx,2075,2095,2050,2060,0,2057000,4253910000,1806,9.44,1.13,4.46,-247828,28159,1364,-218305,10693,12,21
2026-10-08,8342,益張,TPEx,85,85,84.9,84.9,2.9,5000,424900,4,11.25,5.89,2.78,-1000,0,0,-1000,0,-1,0
2026-10-08,8349,恒耀,TPEx,41.55,41.55,41,41.25,-0.35,68000,2801350,52,16.18,3.72,1.18,-1578,0,0,-1578,1946,-15,2
2026-10-08,8349A,恒耀甲特,TPEx,45.3,45.3,45.3,45.3,0.1,3000,135900,1,,,,,,,,,,
2026-10-08,8354,冠好,TPEx,16.6,16.95,16.6,16.95,0.45,53000,885300,24,6.25,0.65,0.61,-1000,0,-4000,-5000,3714,35,0
2026-10-08,8358,金居,TPEx,540,542,533,535,-14,3320000,1779975000,2634,79.73,0.37,14.52,-308617,-1000,962693,653076,26005,-608,308
2026-10-08,8383,千附,TPEx,70.6,70.6,69,69,-1.6,770000,53542900,572,13.97,3.62,2.04,-102805,0,1583,-101222,2042,-66,8
2026-10-08,8390,金益鼎,TPEx,91,93,90.7,90.9,-0.9,324000,29595000,255,10.08,4.18,2.32,-48000,0,-4676,-52676,2356,-32,25
2026-10-08,8401,白紗科,TPEx,22.6,22.75,22.5,22.7,0.1,33000,746900,19,8.63,5.29,1.33,-4000,0,0,-4000,228,2,0
2026-10-08,8403,盛弘,TPEx,18.95,19.25,18.9,19.05,0.2,197000,3764700,125,16.14,3.15,0.79,38000,0,2000,40000,525,-11,0
2026-10-08,8409,商之器,TPEx,17.9,17.9,17.9,17.9,-0.1,6000,107400,4,17.55,0,1.91,,,,,,,
2026-10-08,8410,森田,TPEx,26.3,26.45,25.9,26.45,-0.25,105000,2745900,67,6.03,6.05,0.52,10000,0,369,10369,906,-1,13
2026-10-08,8415,大國鋼,TPEx,35.15,35.4,35.15,35.2,-0.1,87000,3065750,72,8.87,4.26,1.24,-5000,0,0,-5000,782,7,0
2026-10-08,8416,實威,TPEx,171,171,171,171,0,2000,342000,2,11.63,4.97,2.97,,,,,,,
2026-10-08,8421,旭源,TPEx,13.1,13.2,12.9,13.15,-0.1,115000,1496800,72,31.31,0,0.96,-6000,0,0,-6000,676,1,0
2026-10-08,8423,保綠-KY,TPEx,18.25,18.25,17.8,17.8,-0.15,13000,233450,9,16.64,3.93,1.2,1000,0,0,1000,407,2,0
2026-10-08,8424,惠普,TPEx,69.5,69.5,69,69.5,-0.1,15000,1037100,11,11.19,7.19,2.26,2000,0,0,2000,3,0,0
2026-10-08,8426,紅木-KY,TPEx,20.9,20.9,20.6,20.6,-0.25,15000,310200,14,9.67,3.88,0.89,0,0,0,0,791,2,0
2026-10-08,8431,匯鑽科,TPEx,63.5,63.6,57.9,59.6,-4.4,1711000,103014000,1051,,0,4.16,-342083,0,-28992,-371075,5292,-387,72
2026-10-08,8432,東生華,TPEx,53.8,53.9,53,53.2,-0.6,76000,4047400,65,12.23,4.91,1.44,0,0,-3,-3,128,-12,0
2026-10-08,8433,弘帆,TPEx,52.2,52.5,52.2,52.5,0.2,6000,314200,6,7.22,8,1.21,,,,,215,0,0
2026-10-08,8435,鉅邁,TPEx,52.6,52.8,52.5,52.7,0,37000,1944100,26,10.27,6.07,1.97,0,0,450,450,136,1,0
2026-10-08,8436,大江,TPEx,103,103.5,102.5,103,0.5,314000,32317000,222,11.7,5.84,1.48,-27000,0,31764,4764,1696,-15,3
2026-10-08,8437,大地-KY,TPEx,11.25,11.25,10.5,10.55,-0.45,42000,448600,39,,0,0.21,-8000,0,0,-8000,573,1,0
2026-10-08,8440,綠電,TPEx,20,20.25,20,20.1,-0.05,31000,622850,27,20.3,1,1.52,0,0,0,0,1245,0,0
2026-10-08,8444,綠河-KY,TPEx,3.41,3.49,3.37,3.49,-0.24,39000,132600,23,,0,2.98,,,,,0,0,0
2026-10-08,8446,華研,TPEx,86,87.9,85.5,86.4,0.2,29000,2512100,29,11.01,9.26,2.27,6000,0,0,6000,225,-1,0
2026-10-08,8450,霹靂,TPEx,14.05,14.15,13.95,14.1,-0.1,16000,224600,14,,0,1.77,1000,0,0,1000,16,0,0
2026-10-08,8455,大拓-KY,TPEx,,,,,,0,0,0,44.62,0,1.05,,,,,,,
2026-10-08,8472,納維康,TPEx,67.9,67.9,67.9,67.9,-0.2,1000,67900,1,,0,4.65,,,,,328,0,0
2026-10-08,8477,創業家,TPEx,14.1,14.1,13.2,13.5,-0.6,51000,692350,32,,0,1.61,-4000,0,0,-4000,0,0,0
2026-10-08,8489,三貝德,TPEx,21.65,21.9,21.65,21.9,0,36000,782550,30,33.18,0,1.38,-12000,0,324,-11676,2829,0,1
2026-10-08,8905,裕國,TPEx,34.15,34.15,33.5,33.95,-0.45,25000,846500,22,41.91,2.09,1.43,1000,0,0,1000,14,0,0
2026-10-08,8906,花王,TPEx,28.2,28.6,28.2,28.6,-0.05,6000,169650,4,,0,2.58,,,,,111,0,0
2026-10-08,8908,欣雄,TPEx,39.95,39.95,39.5,39.8,0,62000,2454200,44,18.86,4.53,3.05,2000,0,0,2000,107,24,0
2026-10-08,8916,光隆,TPEx,40.95,40.95,40.7,40.85,0.05,31000,1264100,23,14.18,7.43,1.21,-12000,0,378,-11622,147,-1,0
2026-10-08,8917,欣泰,TPEx,52.2,52.9,52.2,52.9,0.4,6000,315300,6,21.16,3.97,3.27,,,,,13,0,0
2026-10-08,8921,沈氏,TPEx,16.7,16.85,16.7,16.85,0.6,2000,33550,2,,1.58,0.69,,,,,,,
2026-10-08,8923,時報,TPEx,18.45,18.45,18.45,18.45,0.45,1000,18450,1,23.06,4.88,1.26,,,,,359,0,0
2026-10-08,8924,大田,TPEx,49.7,50,49,49.3,0.25,40000,1973500,37,17.93,8.72,1.06,-5000,-1026,-413,-6439,675,0,8
2026-10-08,8927,北基,TPEx,18.45,18.6,18.25,18.25,-0.2,154000,2833800,97,19.84,1.68,1.37,-31000,0,0,-31000,2208,17,13
2026-10-08,8928,鉅明,TPEx,22.45,22.7,22.1,22.25,-0.55,52000,1159800,25,9.39,3.6,1.04,-2000,0,0,-2000,564,-11,0
2026-10-08,8929,富堡,TPEx,12.8,12.8,12.75,12.75,-0.05,21000,268700,8,36.43,0,0.8,6000,0,0,6000,112,0,0
2026-10-08,8930,青鋼,TPEx,28.2,28.2,28,28,-0.2,31000,869750,25,10.77,7.86,1.63,,,,,842,2,0
2026-10-08,8931,大汽電,TPEx,42.5,42.8,42.4,42.55,0,35000,1487450,16,36.37,3.76,2.63,5000,0,0,5000,4787,-127,1
2026-10-08,8932,智通*,TPEx,90.7,95.1,90.2,92.7,2.6,1866000,173796300,982,43.93,1.42,13.38,595780,0,54906,650686,60266,25,44
2026-10-08,8933,愛地雅,TPEx,4.54,4.54,4.43,4.45,-0.09,103000,459620,33,,0,0.95,4000,0,0,4000,0,0,0
2026-10-08,8935,邦泰,TPEx,18.1,19,18.1,18.9,0.6,82000,1531250,51,,0,2.47,6000,0,0,6000,0,0,0
2026-10-08,8936,國統,TPEx,53.2,54.4,52.9,54,0.9,1729000,93153000,976,12.44,5.56,2.12,293564,0,559520,853084,7858,-7,21
2026-10-08,8937,合騏*,TPEx,25.5,25.5,24.95,25.2,0.2,82000,2054800,40,420,0,4.55,-7000,0,0,-7000,18137,-23,10
2026-10-08,8938,明安,TPEx,51.8,52,51.6,51.9,0.1,48000,2484900,39,9.89,7.71,1.04,1000,-1977,-20,-997,528,0,0
2026-10-08,8941,關中,TPEx,43.4,43.85,43,43.25,-0.65,19000,822550,19,14.04,2.31,1.51,-1000,0,0,-1000,17,-12,0
2026-10-08,8942,森鉅,TPEx,40.75,40.75,40.2,40.2,0,144000,5818400,99,7.58,2.49,0.78,-26000,0,0,-26000,553,-11,0
2026-10-08,9949,琉園,TPEx,,,,,,0,0,0,3.96,9.13,2.17,,,,,3995,0,0
2026-10-08,9950,萬國通,TPEx,10.15,10.25,10.15,10.25,0,4000,40700,4,,0,1.21,,,,,0,0,0
2026-10-08,9951,皇田,TPEx,46.25,47.3,46.25,47.1,0.85,53000,2491650,47,8.29,6.91,0.89,2000,0,0,2000,286,-3,0
2026-10-08,9960,邁達康,TPEx,37.9,39.2,37.9,38.45,-1.65,15000,579250,15,16.86,4.03,1.83,0,0,0,0,1254,-3,0
2026-10-08,9962,有益,TPEx,10.2,10.3,10.1,10.25,0.05,136000,1387100,18,44.57,0,0.86,1000,0,0,1000,313,0,0
2026-10-08,00400A,主動國泰動能高息,TWSE,16.12,16.22,15.98,16.15,0,28722889,462794154,10751,,,,-6201900,0,-6085576,-12287476,12434,1564,0
2026-10-08,00401A,主動摩根台灣鑫收,TWSE,14.57,14.57,14.47,14.53,-0.09,5380337,78208949,1615,,,,-550900,0,-2877629,-3428529,1848,-54,2
2026-10-08,00402A,主動安聯美國科技,TWSE,10.32,10.37,10.32,10.35,-0.02,5239737,54177985,751,,,,1097000,0,2567046,3664046,531,-24,3
2026-10-08,00403A,主動統一升級50,TWSE,11.29,11.33,11.16,11.29,-0.07,124351060,1401032050,18315,,,,30088917,0,9081338,39170255,69837,-4880,4762
2026-10-08,00404A,主動聯博動能50,TWSE,10.01,10.03,9.95,10.01,-0.06,8622098,86179676,1531,,,,372000,0,-914895,-542895,1796,-203,2
2026-10-08,00405A,主動富邦台灣龍耀,TWSE,9.57,9.68,9.47,9.63,-0.03,43643418,418663293,5870,,,,54100,0,9293819,9347919,16115,-36,938
2026-10-08,00406A,主動中信台灣收益,TWSE,10.12,10.2,10.05,10.16,-0.08,280821092,2844636589,52161,,,,-59463940,0,-113578307,-173042247,80425,4766,147
2026-10-08,00407A,主動凱基台灣,TWSE,10.5,10.58,10.41,10.52,-0.08,21089438,221654704,3280,,,,-4681910,0,5037009,355099,17506,-98,482
2026-10-08,00408A,主動第一金優股息,TWSE,10.98,11.03,10.85,11,-0.04,1196541,13119236,376,,,,-1000,0,-31261,-32261,208,44,0
2026-10-08,00409A,主動復華全球50,TWSE,10.33,10.37,10.24,10.36,-0.05,16904858,174172999,2491,,,,3029000,0,3047673,6076673,4208,-617,21
2026-10-08,00410A,主動永豐科技趨勢,TWSE,13,13,12.83,12.93,-0.13,2395265,30979700,790,,,,-404000,0,185184,-218816,3877,-52,10
2026-10-08,0050,元大台灣50,TWSE,115.35,115.55,114.9,114.95,-1.1,99877876,11509275054,191636,,,,-51508568,0,-12764456,-64273024,48358,-1,687
2026-10-08,0051,元大中型100,TWSE,153.15,153.45,152.1,152.95,-0.2,21842,3343349,346,,,,-980,0,-404,-1384,0,0,0
2026-10-08,0052,富邦科技,TWSE,67.2,67.4,66.85,67,-0.65,19103154,1281237481,14830,,,,-4181787,0,-9182042,-13363829,9028,59,81
2026-10-08,0053,元大電子,TWSE,259.9,260.8,258.75,259.95,-2.05,197244,51291931,502,,,,12030,0,-70150,-58120,17,0,0
2026-10-08,0055,元大MSCI金融,TWSE,50,50,49.09,49.23,-0.59,1173395,57817672,1668,,,,-61995,0,-793104,-855099,225,-82,0
2026-10-08,0056,元大高股息,TWSE,58.4,58.4,58,58.3,-0.15,40857655,2379524449,41408,,,,-6731235,0,-25389810,-32121045,4482,-151,146
2026-10-08,0057,富邦摩台,TWSE,341.7,341.9,340.9,341.8,-3.85,7702,2623429,225,,,,1000,0,1200,2200,0,0,0
2026-10-08,0061,元大寶滬深,TWSE,23.07,23.33,23.07,23.08,0.03,385021,8929174,174,,,,348000,0,-283429,64571,54,0,0
2026-10-08,006203,元大MSCI台灣,TWSE,208.35,209.55,208.35,208.65,-1.7,5684,1181124,175,,,,0,0,-446,-446,2,0,0
2026-10-08,006204,永豐臺灣加權,TWSE,246.55,246.55,246.55,246.55,-2.4,3154,776751,114,,,,-1000,0,78,-922,0,0,0
2026-10-08,006205,富邦上証,TWSE,39.09,39.35,38.97,39.1,0.05,287967,11277685,189,,,,34000,0,-30813,3187,90,0,0
2026-10-08,006206,元大上證50,TWSE,36.53,36.86,36.53,36.57,0.04,34137,1250760,138,,,,0,0,-20695,-20695,8,0,0
2026-10-08,006207,復華滬深,TWSE,30.7,30.81,30.56,30.56,-0.09,220975,6781871,151,,,,100000,0,-107299,-7299,2,0,0
2026-10-08,006208,富邦台50,TWSE,263.45,264.5,263,263.4,-2.2,1816856,478906979,12407,,,,-473001,0,-633914,-1106915,247,-2,3
2026-10-08,00625K,富邦上証+R,TWSE,,,,,,0,0,0,,,,,,,,,,
2026-10-08,00631L,元大台灣50正2,TWSE,41.13,41.31,40.83,40.9,-0.85,148411561,6093234147,61330,,,,-15118927,0,-48977673,-64096600,179924,-437,21200
2026-10-08,00632R,元大台灣50反1,TWSE,9.21,9.26,9.2,9.24,0.1,81184312,749250813,7029,,,,-116000,0,44564373,44448373,284286,-554,5577
2026-10-08,00633L,富邦上証正2,TWSE,43.35,44.6,43.21,43.34,-0.3,2067338,90748080,627,,,,-24000,0,-202294,-226294,9371,59,376
2026-10-08,00634R,富邦上証反1,TWSE,3.29,3.29,3.24,3.29,0.01,59860,196351,15,,,,-1000,0,18060,17060,1864,-79,1
2026-10-08,00635U,期元大S&P黃金,TWSE,42.51,42.59,42.41,42.51,-0.06,1534380,65230219,1983,,,,68350,0,-566081,-497731,8315,-324,228
2026-10-08,00636,國泰中國A50,TWSE,26,26.4,26,26.1,-0.03,887691,23253479,227,,,,219000,0,-125715,93285,174,1,0
2026-10-08,00636K,國泰中國A50+U,TWSE,8.21,8.21,8.21,8.21,-0.12,1200,9852,1,,,,0,0,1200,1200,,,
2026-10-08,00637L,元大滬深300正2,TWSE,18.03,18.44,17.87,17.93,-0.09,17976770,325665347,3164,,,,1081000,0,-1889460,-808460,95799,-1134,4921
2026-10-08,00638R,元大滬深300反1,TWSE,7.02,7.02,6.93,7.01,0.01,496500,3474360,23,,,,0,0,394500,394500,732,0,4
2026-10-08,00639,富邦深100,TWSE,15.09,15.14,14.84,14.84,-0.17,977377,14645158,274,,,,116000,0,-382368,-266368,433,-21,8
2026-10-08,00640L,富邦日本正2,TWSE,110.4,110.4,108.65,109.95,-2.75,58357,6377511,108,,,,-2000,0,-32384,-34384,139,2,36
2026-10-08,00641R,富邦日本反1,TWSE,3.63,3.67,3.63,3.65,0.04,487300,1782936,51,,,,0,0,334300,334300,9234,2,569
2026-10-08,00642U,期元大S&P石油,TWSE,30.77,31.15,30.73,31.15,0.05,2376041,73616513,324,,,,-27000,0,-115710,-142710,2650,-55,909
2026-10-08,00643,群益深証中小,TWSE,17,17.15,16.91,16.91,-0.1,2725017,46240101,140,,,,152000,0,-83030,68970,455,5,0
2026-10-08,00643K,群益深証中小+R,TWSE,,,,,,0,0,0,,,,,,,,,,
2026-10-08,00645,富邦日本,TWSE,58.45,58.45,58,58.45,-0.7,37582,2187245,273,,,,-3000,0,-2931,-5931,37,0,0
2026-10-08,00646,元大S&P500,TWSE,78.15,78.35,78,78.35,0.2,3578269,279756285,2726,,,,5587,0,-1940965,-1935378,51,-9,2
2026-10-08,00647L,元大S&P500正2,TWSE,142,142.05,141.5,142,-0.55,15587,2211602,66,,,,0,0,3566,3566,55,1,0
2026-10-08,00648R,元大S&P500反1,TWSE,3.87,3.88,3.85,3.88,0.03,223000,862300,32,,,,0,0,64000,64000,9936,-7,102
2026-10-08,00650L,復華香港正2,TWSE,15.33,15.45,15.15,15.28,-0.16,1445047,22078791,294,,,,-38000,0,-483359,-521359,10773,-1068,541
2026-10-08,00651R,復華香港反1,TWSE,5.48,5.48,5.43,5.47,0.04,198998,1086028,26,,,,-31000,0,-2000,-33000,1429,10,56
2026-10-08,00652,富邦印度,TWSE,30.9,30.9,30.55,30.56,-0.36,452473,13871389,383,,,,-5000,0,85353,80353,46,-1,0
2026-10-08,00653L,富邦印度正2,TWSE,40.23,40.46,39.9,40,-1.03,262654,10541643,138,,,,-18000,0,-106815,-124815,419,-8,5
2026-10-08,00654R,富邦印度反1,TWSE,7.24,7.27,7.19,7.27,0.09,79138,571853,12,,,,0,0,-54138,-54138,585,-2,31
2026-10-08,00655L,國泰中國A50正2,TWSE,30.13,31.03,30.03,30.1,-0.16,1514343,46052118,353,,,,-14000,0,-48451,-62451,2311,17,175
2026-10-08,00656R,國泰中國A50反1,TWSE,6.19,6.19,6.14,6.17,0.01,12688,78437,7,,,,0,0,-8312,-8312,148,10,0
2026-10-08,00657,國泰日經225,TWSE,82.05,82.2,82.05,82.2,-0.9,79879,6554350,93,,,,-3000,0,5046,2046,0,0,0
2026-10-08,00657K,國泰日經225+U,TWSE,25.88,25.88,25.88,25.88,-0.28,1000,25880,1,,,,0,0,0,0,,,
2026-10-08,00660,元大歐洲50,TWSE,45.44,45.44,45.3,45.39,-0.05,7690,348266,87,,,,0,0,-6000,-6000,0,0,0
2026-10-08,00661,元大日經225,TWSE,89.9,90.25,89.6,90.15,-0.85,140696,12652996,180,,,,-119000,0,117941,-1059,6,-2,0
2026-10-08,00662,富邦NASDAQ,TWSE,127.4,127.7,127.2,127.3,-0.05,4092863,521649025,3209,,,,-82267,0,1076626,994359,1253,20,0
2026-10-08,00663L,國泰臺灣加權正2,TWSE,118.95,119.2,117.8,118.1,-2.7,4107369,486969567,2564,,,,78000,0,-1404393,-1326393,7755,179,1489
2026-10-08,00664R,國泰臺灣加權反1,TWSE,1.49,1.5,1.48,1.49,0.01,7172165,10685523,558,,,,0,0,1650830,1650830,73149,-269,645
2026-10-08,00665L,富邦恒生國企正2,TWSE,8.54,8.71,8.5,8.61,0.03,6809088,58457533,514,,,,-152000,0,-2476117,-2628117,57372,28,138
2026-10-08,00666R,富邦恒生國企反1,TWSE,9.51,9.51,9.45,9.45,0.03,5000,47430,3,,,,0,0,-4000,-4000,247,-17,7
2026-10-08,00668,國泰美國道瓊,TWSE,59.55,59.7,59.5,59.7,-0.3,232804,13855012,122,,,,20,0,-10885,-10865,5,0,0
2026-10-08,00668K,國泰美國道瓊+U,TWSE,18.78,18.78,18.78,18.78,-0.08,1000,18780,1,,,,0,0,0,0,,,
2026-10-08,00669R,國泰美國道瓊反1,TWSE,5.41,5.43,5.41,5.43,0.04,379736,2057634,35,,,,0,0,237300,237300,13672,-275,71
2026-10-08,00670L,富邦NASDAQ正2,TWSE,220.25,221.1,219.8,220.3,-0.95,487261,107439120,689,,,,12000,0,10885,22885,1218,-17,131
2026-10-08,00671R,富邦NASDAQ反1,TWSE,2.3,2.31,2.29,2.31,0.02,807986,1857907,75,,,,0,0,-22050,-22050,113140,-317,2373
2026-10-08,00673R,期元大S&P原油反1,TWSE,10.9,10.9,10.77,10.77,-0.02,21098023,228646842,1517,,,,-60000,0,10696025,10636025,146389,-4773,355
2026-10-08,00674R,期元大S&P黃金反1,TWSE,29.61,29.7,29.58,29.69,0.14,138748,4111327,41,,,,-1000,0,-17503,-18503,84,0,5
2026-10-08,00675L,富邦臺灣加權正2,TWSE,360,361,356.65,357.75,-8.5,838145,300866879,1584,,,,-29000,0,-319741,-348741,2578,13,277
2026-10-08,00676R,富邦臺灣加權反1,TWSE,5.09,5.12,5.09,5.11,0.06,4279947,21832611,390,,,,41000,0,1172683,1213683,17949,9,212
2026-10-08,00678,群益那斯達克生技,TWSE,42,42.12,42,42.09,0.18,230849,9709998,115,,,,-2000,0,-2,-2002,9,-1,0
2026-10-08,00680L,元大美債20正2,TWSE,5.59,5.59,5.56,5.57,-0.02,10764095,59967857,1002,,,,222000,0,-821099,-599099,67782,-804,64
2026-10-08,00681R,元大美債20反1,TWSE,23.25,23.25,23.22,23.24,-0.01,10000,232350,6,,,,-10000,0,0,-10000,2,0,0
2026-10-08,00682U,期元大美元指數,TWSE,,,,,,81,1718,2,,,,0,0,-81,-81,3,0,0
2026-10-08,00683L,期元大美元指正2,TWSE,22.62,22.68,22.62,22.68,0.08,179000,4057500,15,,,,25000,0,49000,74000,59,0,0
2026-10-08,00684R,期元大美元指反1,TWSE,14.74,14.74,14.74,14.74,-0.02,62000,913880,3,,,,0,0,12000,12000,21,0,0
2026-10-08,00685L,群益臺灣加權正2,TWSE,13.62,13.66,13.48,13.53,-0.31,238502144,3237208018,52661,,,,236300,0,-137582251,-137345951,149157,-2148,14764
2026-10-08,00686R,群益臺灣加權反1,TWSE,0.91,0.92,0.9,0.91,0,10200077,9317138,216,,,,0,0,-3758800,-3758800,15765,47,58
2026-10-08,00688L,國泰20年美債正2,TWSE,5.57,5.58,5.55,5.56,-0.02,4428347,24606476,408,,,,41000,0,619858,660858,25288,12,52
2026-10-08,00689R,國泰20年美債反1,TWSE,24.36,24.42,24.36,24.42,0.06,104000,2539590,4,,,,0,0,4000,4000,0,0,0
2026-10-08,00690,兆豐藍籌30,TWSE,84.5,84.5,83.8,84.15,-0.85,275089,23163981,2797,,,,62075,0,-224317,-162242,69,0,0
2026-10-08,00692,富邦公司治理,TWSE,99.25,99.5,98.9,99,-0.9,621175,61526444,1172,,,,-15042,0,-75891,-90933,65,3,0
2026-10-08,00693U,期街口S&P黃豆,TWSE,23.56,23.7,23.54,23.59,-0.23,467962,11059050,145,,,,-23000,0,-262067,-285067,1555,81,19
2026-10-08,00700,富邦恒生國企,TWSE,16.65,16.75,16.64,16.64,-0.01,76122,1267534,123,,,,0,0,53835,53835,54,0,0
2026-10-08,00701,國泰股利精選30,TWSE,41.6,41.6,41.18,41.19,-0.39,310689,12839863,452,,,,-20500,0,-211523,-232023,12,0,0
2026-10-08,00702,國泰標普低波高息,TWSE,23.21,23.22,23.17,23.2,-0.11,106093,2458290,83,,,,0,0,-2000,-2000,1,0,0
2026-10-08,00703,台新MSCI中國,TWSE,18.51,18.58,18.51,18.55,0.04,24209,449489,6,,,,0,0,-209,-209,1,0,0
2026-10-08,00706L,期元大S&P日圓正2,TWSE,19.1,19.13,19.01,19.03,0.05,729740,13896160,176,,,,1000,0,567484,568484,2209,-157,310
2026-10-08,00707R,期元大S&P日圓反1,TWSE,,,,,,0,0,0,,,,,,,,0,0,0
2026-10-08,00708L,期元大S&P黃金正2,TWSE,70.4,70.9,70.15,70.55,-0.15,2446524,172586504,1625,,,,57100,0,-953861,-896761,20681,138,537
2026-10-08,00709,富邦歐洲,TWSE,38.41,38.41,38.28,38.39,0.09,18360,703669,150,,,,753,0,-2303,-1550,29,5,0
2026-10-08,00710B,復華彭博非投等債,TWSE,18.52,18.53,18.47,18.53,0.01,234112,4334206,65,,,,91000,0,-104320,-13320,1,0,0
2026-10-08,00711B,復華彭博新興債,TWSE,14.57,14.58,14.57,14.58,-0.02,154120,2245468,79,,,,48000,0,-48964,-964,3,0,0
2026-10-08,00712,復華富時不動產,TWSE,6.95,6.95,6.92,6.92,-0.16,86643490,600609750,24649,,,,-16763600,0,-27425246,-44188846,43733,1167,1631
2026-10-08,00713,元大台灣高息低波,TWSE,63.35,63.35,63.1,63.25,0,3410266,215631928,3073,,,,628981,82000,-111897,599084,307,-116,0
2026-10-08,00714,群益道瓊美國地產,TWSE,20.07,20.07,20.06,20.07,-0.23,121960,2447592,105,,,,-1000,0,-9498,-10498,2,-1,0
2026-10-08,00715L,期街口布蘭特正2,TWSE,69.3,71.4,69.2,71.4,1.5,2347969,165113847,907,,,,273000,0,322247,595247,3455,528,4644
2026-10-08,00717,富邦美國特別股,TWSE,14.47,14.53,14.46,14.53,0.04,139044,2013427,152,,,,116000,0,-108000,8000,1,0,0
2026-10-08,00728,第一金工業30,TWSE,71.05,71.05,70.25,70.45,-0.9,158652,11197025,750,,,,-89000,0,40843,-48157,51,9,0
2026-10-08,00730,富邦臺灣優質高息,TWSE,30.12,30.24,30,30.2,0.08,56784,1711723,247,,,,-8000,0,-10097,-18097,0,0,0
2026-10-08,00731,復華富時高息低波,TWSE,98.6,98.6,98,98.25,-0.95,310866,30559640,220,,,,3000,0,7282,10282,0,0,0
2026-10-08,00733,富邦臺灣中小,TWSE,78.15,78.95,77,78.9,0.55,674119,52906136,938,,,,104000,0,189773,293773,39,-3,0
2026-10-08,00735,國泰臺韓科技,TWSE,109.8,110.9,109.8,110.15,-1.05,2472305,272585474,3356,,,,54524,0,1699556,1754080,3510,-116,36
2026-10-08,00736,國泰新興市場,TWSE,31.81,31.92,31.72,31.84,-0.19,210231,6686576,97,,,,63000,0,-63000,0,0,0,0
2026-10-08,00737,國泰AI機器人,TWSE,41.62,41.62,41.5,41.6,-0.44,110932,4613880,195,,,,-18000,0,-20932,-38932,38,0,0
2026-10-08,00738U,期元大道瓊白銀,TWSE,47.71,47.85,47.38,47.38,-0.62,2460524,117055536,2057,,,,-3000,0,-1526285,-1529285,19714,-171,337
2026-10-08,00739,元大MSCI A股,TWSE,26.4,26.48,26.17,26.17,-0.15,21117,556091,100,,,,32,0,2805,2837,0,0,0
2026-10-08,00752,中信中國50,TWSE,21.99,22.12,21.88,21.97,-0.03,446194,9805606,367,,,,52063,0,106012,158075,366,13,2
2026-10-08,00753L,中信中國50正2,TWSE,8.36,8.51,8.32,8.38,-0.04,7374619,61908383,1366,,,,785000,0,-4093656,-3308656,79974,865,288
2026-10-08,00757,統一FANG+,TWSE,146.8,147.2,146.75,146.75,0.65,1752354,257482926,1633,,,,126010,0,1315463,1441473,179,2,3
2026-10-08,00762,元大全球AI,TWSE,123,123.05,122.6,122.75,0.1,101761,12491605,321,,,,56000,0,-46417,9583,74,0,0
2026-10-08,00763U,期街口道瓊銅,TWSE,34.97,35.36,34.97,35.16,0.47,346980,12206569,261,,,,-8000,0,143398,135398,1951,-16,1
2026-10-08,00770,國泰北美科技,TWSE,67.25,67.25,66.95,67.1,-0.2,268139,17995819,530,,,,62131,0,90901,153032,175,-19,0
2026-10-08,00771,元大US高息特別股,TWSE,14.8,14.8,14.74,14.75,-0.05,14418,212753,95,,,,0,0,-5259,-5259,2,0,0
2026-10-08,00775B,台新投等債15+,TWSE,29.43,29.45,29.43,29.45,0,81032,2386382,4,,,,0,0,-32,-32,0,0,0
2026-10-08,00783,富邦中証500,TWSE,26.85,26.94,26.36,26.36,-0.4,8052,214228,75,,,,0,0,-3028,-3028,337,0,0
2026-10-08,00830,國泰費城半導體,TWSE,91.75,92.45,91.75,91.9,-0.65,5828671,536633333,8350,,,,1056395,0,507727,1564122,7016,19,201
2026-10-08,00850,元大臺灣ESG永續,TWSE,98.95,98.95,98,98.1,-0.9,355215,34933945,1155,,,,20,-10000,-215339,-225319,12,0,0
2026-10-08,00851,台新全球AI,TWSE,75,75.15,74.85,74.9,0.2,59680,4472236,115,,,,-2000,0,4000,2000,1,-1,0
2026-10-08,00852L,國泰美國道瓊正2,TWSE,32.4,32.49,32.38,32.43,-0.46,142219,4614223,87,,,,0,0,-95610,-95610,453,-22,37
2026-10-08,00861,元大全球未來通訊,TWSE,92.25,92.25,91.25,91.45,-0.85,93136,8507554,328,,,,26000,0,49850,75850,41,0,0
2026-10-08,00865B,國泰US短期公債,TWSE,48.94,49.08,48.94,49.07,0.13,1820431,89235241,586,,,,333204,0,-693170,-359966,78,-1,0
2026-10-08,00875,國泰網路資安,TWSE,58.85,59.1,58.7,59.05,-0.95,192442,11337671,384,,,,11993,0,-2420,9573,29,0,0
2026-10-08,00876,元大全球5G,TWSE,94.25,95.25,94.25,94.7,-1.15,102106,9670627,385,,,,11000,0,70410,81410,4,0,0
2026-10-08,00878,國泰永續高股息,TWSE,35.16,35.16,34.98,34.99,-0.23,39641789,1388393548,37662,,,,-4596449,0,-27908156,-32504605,3352,-15,36
2026-10-08,00881,國泰台灣科技龍頭,TWSE,53.45,53.55,53.1,53.3,-0.65,11066297,590636102,12289,,,,796361,0,-4629815,-3833454,5132,121,16
2026-10-08,00882,中信中國高股息,TWSE,14.79,15.03,14.75,14.95,0.16,7790242,116519165,1674,,,,117000,0,5432598,5549598,2223,-29,6
2026-10-08,00885,富邦越南,TWSE,17.79,17.85,17.71,17.81,0.08,1110283,19742555,630,,,,53000,0,199937,252937,2640,34,119
2026-10-08,00891,中信關鍵半導體,TWSE,38.26,38.36,37.99,38.23,-0.27,10916341,416790761,10075,,,,-2105953,0,-2464567,-4570520,5636,240,65
2026-10-08,00892,富邦台灣半導體,TWSE,43.09,43.41,42.88,43.25,-0.27,3647311,157666625,1425,,,,210220,0,-798512,-588292,1069,24,5
2026-10-08,00893,國泰智能電動車,TWSE,47.85,47.85,47.31,47.4,-0.51,548830,26025735,369,,,,58025,0,-52602,5423,125,9,1
2026-10-08,00894,中信小資高價30,TWSE,52,52.1,51.4,51.95,-0.25,583096,30234201,1058,,,,-175808,0,25772,-150036,325,-3,4
2026-10-08,00895,富邦未來車,TWSE,53.15,53.55,53.15,53.4,-0.7,197348,10543804,321,,,,113000,0,-87952,25048,142,6,7
2026-10-08,00896,中信綠能及電動車,TWSE,28.59,28.65,28.34,28.52,-0.14,3140698,89592179,1735,,,,748130,0,91633,839763,1387,-22,5
2026-10-08,00897,富邦基因免疫生技,TWSE,13.56,13.61,13.55,13.57,0.02,454111,6168811,236,,,,95000,0,-131239,-36239,208,-77,1
2026-10-08,00898,國泰基因免疫革命,TWSE,11.41,11.47,11.37,11.43,-0.08,675968,7726393,325,,,,-175750,0,-50544,-226294,152,66,0
2026-10-08,00899,FT潔淨能源,TWSE,21.98,21.98,21.84,21.88,-0.11,56539,1237097,143,,,,-1000,0,28957,27957,42,-1,0
2026-10-08,00900,富邦特選高股息30,TWSE,19.62,19.64,19.52,19.52,-0.18,1903209,37251171,1258,,,,470000,0,-4543,465457,123,0,0
2026-10-08,00901,永豐智能車供應鏈,TWSE,49.42,49.65,49.22,49.47,-0.53,121810,6010161,142,,,,-69000,0,71445,2445,7,0,0
2026-10-08,00902,中信電池及儲能,TWSE,13.12,13.21,12.98,13.07,-0.02,658862,8652932,389,,,,-2000,0,361645,359645,1318,6,2
2026-10-08,00903,富邦元宇宙,TWSE,22.14,22.21,22.14,22.21,-0.14,60478,1341442,159,,,,-42000,0,55666,13666,17,0,0
2026-10-08,00904,台新臺灣半導體30,TWSE,44.3,44.48,43.99,44.27,-0.28,4688665,207437056,2918,,,,-12981,0,-4029895,-4042876,798,33,0
2026-10-08,00905,FT臺灣Smart,TWSE,28.5,28.52,28.25,28.42,-0.14,1229608,34918450,1035,,,,-45397,0,68825,23428,246,19,0
2026-10-08,00907,永豐優息存股,TWSE,17.82,17.82,17.72,17.72,-0.1,488045,8663718,382,,,,-53000,0,-207366,-260366,73,-6,0
2026-10-08,00908,富邦入息REITs+,TWSE,14.2,14.27,14.19,14.27,0.02,277707,3947346,63,,,,2000,0,-75154,-73154,0,0,0
2026-10-08,00909,國泰數位支付服務,TWSE,46.33,46.49,46.26,46.41,-1.17,2020662,93699432,2421,,,,-353955,0,-1245442,-1599397,963,-24,3
2026-10-08,00910,第一金太空衛星,TWSE,56.3,56.3,55.9,56.05,-1.6,1185483,66502455,2231,,,,-624153,0,-8524,-632677,1826,9,2
2026-10-08,00911,兆豐洲際半導體,TWSE,58.75,58.75,58.05,58.35,-0.4,212847,12425530,439,,,,285,0,76004,76289,254,-29,1
2026-10-08,00912,中信臺灣智慧50,TWSE,37.2,37.2,36.72,36.72,-0.48,2527001,93010350,2178,,,,1085,0,-2266863,-2265778,118,28,0
2026-10-08,00913,兆豐台灣晶圓製造,TWSE,53.75,53.75,52.95,53.45,-0.55,1979394,105811403,3438,,,,-436763,0,-845513,-1282276,581,-16,0
2026-10-08,00915,凱基優選高股息30,TWSE,33.06,33.06,32.71,32.71,-0.35,644990,21180008,746,,,,28000,0,-245773,-217773,18,0,0
2026-10-08,00916,國泰全球品牌50,TWSE,27.14,27.18,27.11,27.16,0.02,688698,18705838,426,,,,380000,0,233058,613058,475,-1,0
2026-10-08,00917,中信特選金融,TWSE,22.23,22.23,22.03,22.06,-0.17,788000,17380684,624,,,,-64000,0,-529360,-593360,117,20,0
2026-10-08,00918,大華優利高填息30,TWSE,34.09,34.09,33.91,33.97,-0.17,20165544,685439029,14390,,,,-3229700,0,-5004096,-8233796,27499,-329,68
2026-10-08,00919,群益台灣精選高息,TWSE,31.91,31.91,31.65,31.65,-0.29,83848220,2657153220,62680,,,,-22479833,0,-46225300,-68705133,17371,-451,126
2026-10-08,00920,富邦ESG綠色電力,TWSE,25.52,25.54,25.42,25.45,-0.26,73727,1877232,192,,,,-5000,0,7375,2375,17,0,0
2026-10-08,00921,兆豐龍頭等權重,TWSE,24.21,24.23,24.09,24.14,-0.12,501711,12123226,364,,,,-43000,0,63372,20372,191,-49,0
2026-10-08,00922,國泰台灣領袖50,TWSE,44.84,44.86,44.56,44.64,-0.51,12481773,558026694,11318,,,,-5603136,0,-3660690,-9263826,1349,88,3
2026-10-08,00923,群益台ESG低碳50,TWSE,42.55,42.6,42.28,42.37,-0.42,2441821,103625133,2621,,,,-389472,0,-273487,-662959,1143,-12,0
2026-10-08,00924,復華S&P500成長,TWSE,34.53,34.6,34.52,34.59,0.02,1241489,42914743,924,,,,-3842,0,108415,104573,56,20,0
2026-10-08,00926,凱基全球菁英55,TWSE,27.08,27.16,27.08,27.15,0.12,275380,7472971,218,,,,1120,0,104816,105936,11,0,0
2026-10-08,00927,群益半導體收益,TWSE,40.41,40.46,40.02,40.27,-0.25,48087392,1936566327,27778,,,,-542037,0,-35397835,-35939872,14228,844,81
2026-10-08,00929,復華台灣科技優息,TWSE,30.02,30.12,29.88,30.03,-0.11,28511530,855902070,14327,,,,-6657661,0,-10766707,-17424368,7621,55,0
2026-10-08,00930,永豐ESG低碳高息,TWSE,23.98,23.98,23.86,23.91,-0.07,935830,22374325,391,,,,-2000,0,-183254,-185254,627,-5,0
2026-10-08,00932,兆豐永續高息等權,TWSE,17.64,17.64,17.57,17.61,-0.03,152617,2686054,154,,,,-1000,0,81774,80774,5,0,0
2026-10-08,00934,中信成長高股息,TWSE,30.01,30.06,29.9,30,-0.07,8058343,241683051,3381,,,,331000,0,-7196765,-6865765,788,66,0
2026-10-08,00935,野村臺灣新科技50,TWSE,62.4,62.45,61.85,62.35,-0.6,7553945,470294868,8898,,,,-871731,0,-2579015,-3450746,6855,85,36
2026-10-08,00936,台新永續高息中小,TWSE,21.6,21.66,21.56,21.59,-0.07,274184,5923391,294,,,,36000,0,64384,100384,13,0,0
2026-10-08,00938,凱基優選30,TWSE,27.26,27.26,26.9,26.9,-0.38,375744,10158054,320,,,,-106000,0,-116339,-222339,0,0,0
2026-10-08,00939,統一台灣高息動能,TWSE,24.13,24.16,23.92,23.92,-0.21,2465711,59160829,1246,,,,158002,0,-714106,-556104,554,43,1
2026-10-08,00940,元大台灣價值高息,TWSE,13.25,13.26,13.18,13.21,-0.07,8174141,108066271,2107,,,,-258000,0,3030646,2772646,1383,-10,1
2026-10-08,00941,中信上游半導體,TWSE,26.4,26.64,26.4,26.45,-0.36,8347639,221073671,728,,,,3583000,0,4351125,7934125,130,-16,0
2026-10-08,00943,兆豐電子高息等權,TWSE,21.32,21.33,21.25,21.27,-0.09,2461563,52393945,933,,,,-129000,0,-2294786,-2423786,179,121,0
2026-10-08,00944,野村趨勢動能高息,TWSE,22.38,22.38,22.24,22.27,-0.11,145503,3240727,233,,,,-54000,0,13217,-40783,4,-2,0
2026-10-08,00945B,凱基美國非投等債,TWSE,14.24,14.26,14.23,14.26,0.02,5205170,74152484,444,,,,2656000,0,-2643653,12347,357,3,0
2026-10-08,00946,群益科技高息成長,TWSE,15.39,15.4,15.32,15.34,-0.06,1024905,15741690,607,,,,-79000,0,667383,588383,516,1,0
2026-10-08,00947,台新臺灣IC設計,TWSE,40.74,40.96,40.4,40.66,-0.11,6874119,279626115,7075,,,,-1464011,0,-2136291,-3600302,4835,268,26
2026-10-08,00949,復華日本龍頭,TWSE,22.36,22.36,22.12,22.28,-0.09,294000,6517320,309,,,,-10000,0,41184,31184,102,2,0
2026-10-08,00951,台新日本半導體,TWSE,19.53,19.72,19.41,19.54,-0.01,1279741,25024614,511,,,,54465,0,719377,773842,1385,-43,45
2026-10-08,00952,凱基台灣AI50,TWSE,18.67,18.67,18.49,18.57,-0.11,941217,17506954,474,,,,53000,0,-31271,21729,2073,5,0
2026-10-08,00953B,群益優選非投等債,TWSE,9.45,9.46,9.44,9.45,0,19946701,188450707,3719,,,,4315000,0,-133453,4181547,102171,-2968,11
2026-10-08,00954,中信日本半導體,TWSE,20.82,21.01,20.66,20.84,0.03,1846966,38483837,689,,,,-3000,0,1403652,1400652,1426,-246,39
2026-10-08,00956,中信日經高股息,TWSE,13.26,13.29,13.2,13.29,-0.04,589707,7795947,246,,,,-2000,0,-316182,-318182,34,5,0
2026-10-08,00960,野村全球航運龍頭,TWSE,22.45,22.6,22.44,22.57,0.12,213958,4821076,419,,,,10,0,79247,79257,81,-8,0
2026-10-08,00961,FT臺灣永續高息,TWSE,13.17,13.22,13.14,13.19,0,21367518,281986327,3297,,,,8268000,0,8282460,16550460,13569,-289,1
2026-10-08,00962,台新AI優息動能,TWSE,15.24,15.3,15.19,15.27,-0.04,7502896,114398412,1893,,,,33000,0,-6522806,-6489806,1440,158,0
2026-10-08,00963,中信全球高股息,TWSE,12.41,12.42,12.37,12.42,-0.08,917936,11384849,551,,,,-45000,0,-611726,-656726,354,12,0
2026-10-08,00964,中信亞太高股息,TWSE,14.87,14.9,14.8,14.89,0.02,2149678,31943534,487,,,,138000,0,-777000,-639000,57,6,0
2026-10-08,00965,元大航太防衛科技,TWSE,25.18,25.18,24.97,25,-0.37,963161,24081813,916,,,,-440000,-96000,174417,-361583,924,6,41
2026-10-08,00971,野村美國研發龍頭,TWSE,18.15,18.18,18.14,18.16,-0.01,282963,5139135,167,,,,0,0,70458,70458,10,0,0
2026-10-08,00972,野村日本動能高息,TWSE,21.32,21.37,21.31,21.37,-0.05,141018,3009004,39,,,,0,0,-2186,-2186,0,0,0
2026-10-08,009800,中信NASDAQ,TWSE,13.79,13.82,13.76,13.8,0,639983,8830417,434,,,,-5000,0,-86897,-91897,1408,12,10
2026-10-08,009801,中信美國創新科技,TWSE,11.93,11.99,11.93,11.99,0.03,1201498,14382945,254,,,,146000,0,166003,312003,46,0,0
2026-10-08,009802,富邦旗艦50,TWSE,20.44,20.44,20.28,20.32,-0.22,1711950,34817701,913,,,,-86000,0,543492,457492,943,-89,2
2026-10-08,009803,玉山市值動能50,TWSE,22.24,22.31,22.12,22.23,-0.15,4353357,96764541,2684,,,,-917800,0,-1584317,-2502117,843,-100,0
2026-10-08,009804,聯邦台精彩50,TWSE,24.71,24.71,24.5,24.55,-0.25,948490,23323956,485,,,,-74000,0,-485520,-559520,114,-49,0
2026-10-08,009805,台新美國電力基建,TWSE,15.39,15.39,15.31,15.37,-0.19,3380918,51957723,1509,,,,-5400,0,802216,796816,6259,151,50
2026-10-08,009808,華南永昌優選50,TWSE,32.95,32.95,32.64,32.65,-0.3,63363,2072632,58,,,,17000,0,-9576,7424,2,0,0
2026-10-08,009809,富邦淨零ESG50,TWSE,18.93,18.93,18.84,18.85,-0.12,198674,3748440,71,,,,0,0,14773,14773,3,0,0
2026-10-08,00980A,主動野村臺灣優選,TWSE,26.44,26.52,26.19,26.47,-0.2,7396665,195423633,2725,,,,-523900,-2120000,1722459,-921441,2456,-108,45
2026-10-08,009810,玉山全球藍籌100,TWSE,21.67,21.67,21.63,21.65,-0.03,57602,1246727,55,,,,-1000,0,11576,10576,1,0,0
2026-10-08,009811,統一美國50,TWSE,13.78,13.83,13.78,13.81,0.04,558925,7718834,431,,,,-4000,0,234649,230649,33,11,35
2026-10-08,009812,野村日本東證,TWSE,13.15,13.15,13.03,13.1,-0.14,131519,1720182,185,,,,-12000,0,-81280,-93280,2,0,5
2026-10-08,009813,貝萊德標普卓越50,TWSE,11.74,11.77,11.73,11.76,0.02,2119130,24896305,388,,,,227300,0,200000,427300,58,1,0
2026-10-08,009816,凱基台灣TOP50,TWSE,16.95,16.96,16.87,16.87,-0.17,161880493,2736059304,64087,,,,-30702980,0,-106720033,-137423013,24340,638,743
2026-10-08,009817,國泰日本不動產,TWSE,8.46,8.46,8.38,8.4,-0.07,1505292,12638762,363,,,,231000,0,-468611,-237611,67,0,0
2026-10-08,009818,華南永昌NASDAQxT,TWSE,21.69,21.7,21.64,21.64,-0.05,15477,335629,32,,,,0,0,9609,9609,22,0,0
2026-10-08,009819,中信數據及電力,TWSE,10.11,10.14,10.1,10.14,0,3660100,37059290,1215,,,,1590000,0,391981,1981981,3534,-149,1
2026-10-08,00981A,主動統一台股增長,TWSE,32,32.28,31.73,32.24,-0.02,99116918,3179667992,36195,,,,-616366,0,-1967589,-2583955,164406,-3172,1746
2026-10-08,00981T,平衡凱基雙核收息,TWSE,11.67,11.67,11.64,11.66,-0.03,1123245,13090622,358,,,,10000,0,-29166,-19166,163,0,0
2026-10-08,009820,元大納斯達克精選,TWSE,10.76,10.81,10.76,10.79,0,6915501,74604461,921,,,,7000,0,6266483,6273483,2663,-55,80
2026-10-08,009821,野村稀土關鍵資源,TWSE,12.99,12.99,12.93,12.94,-0.32,11446137,148219947,5058,,,,-46900,0,-9583840,-9630740,5795,-345,1
2026-10-08,009824,群益美國科技巨頭,TWSE,10.84,10.89,10.84,10.86,0.02,2848796,30929747,816,,,,349000,0,1476584,1825584,656,-96,6
2026-10-08,009826,貝萊德世界股票,TWSE,10.1,10.12,10.09,10.1,-0.03,8264350,83499232,2334,,,,22350,0,-2063149,-2040799,9637,-19,0
2026-10-08,009827,玉山未來全球算力,TWSE,10.75,10.76,10.73,10.75,-0.1,2579437,27718258,996,,,,-1000,0,-999078,-1000078,727,255,4
2026-10-08,009828,中信台日韓PCB,TWSE,11.25,11.25,11.06,11.18,-0.14,53553030,597844457,14597,,,,-662304,0,-18207642,-18869946,23920,2335,423
2026-10-08,009829,大華韓國KOSPI50,TWSE,10.75,10.84,10.58,10.71,-0.17,22492723,240991720,3461,,,,-1483800,0,-9878858,-11362658,38009,2316,51
2026-10-08,00982A,主動群益台灣強棒,TWSE,24.37,24.37,23.99,24.25,-0.27,10339750,250396890,5488,,,,-54758,0,-1335893,-1390651,9676,-90,82
2026-10-08,00982D,主動富邦動態入息,TWSE,9.3,9.31,9.28,9.3,0.02,575116,5345663,131,,,,5000,0,138000,143000,34,0,0
2026-10-08,00982T,平衡兆豐台美動能,TWSE,15.58,15.58,15.46,15.47,-0.14,78776,1219216,56,,,,1000,0,49323,50323,50,0,0
2026-10-08,00983A,主動中信ARK創新,TWSE,12.96,13.09,12.96,13.07,-0.24,621499,8110108,427,,,,-10000,0,17633,7633,374,-159,6
2026-10-08,00983D,主動富邦複合收益,TWSE,9.56,9.57,9.54,9.55,0,992005,9470717,203,,,,420000,0,-313279,106721,136,0,0
2026-10-08,00984A,主動安聯台灣高息,TWSE,16.25,16.25,16.11,16.2,-0.12,10882231,176232350,5010,,,,-962800,0,-7313964,-8276764,950,100,1
2026-10-08,00984D,主動聯博全球非投,TWSE,9.63,9.65,9.61,9.64,0.01,7335396,70636118,893,,,,-16000,0,1635000,1619000,21444,85,0
2026-10-08,00985A,主動野村台灣50,TWSE,24.31,24.39,24.13,24.32,-0.18,68694308,1669975757,24149,,,,534855,0,-59115091,-58580236,7598,1176,50
2026-10-08,00985B,群益ESG投等債0-5,TWSE,10.02,10.05,10.02,10.05,0.03,3157953,31707200,369,,,,16000,0,-1208540,-1192540,295,0,0
2026-10-08,00986A,主動台新龍頭成長,TWSE,15.18,15.2,15.14,15.16,-0.11,150937,2288704,134,,,,-6000,0,75658,69658,29,-3,0
2026-10-08,00987A,主動台新優勢成長,TWSE,17.92,18.08,17.75,18,-0.06,1205170,21625150,436,,,,93000,0,113211,206211,1252,0,10
2026-10-08,00988A,主動統一全球創新,TWSE,17.4,17.44,17.25,17.32,-0.27,18081801,313643410,6838,,,,3968325,0,3995000,7963325,42197,-1809,200
2026-10-08,00989A,主動摩根美國科技,TWSE,18.19,18.19,18.11,18.14,-0.19,110996,2014849,154,,,,-11000,0,55857,44857,84,0,0
2026-10-08,00990A,主動元大AI新經濟,TWSE,16.7,16.7,16.53,16.59,-0.18,12027757,199470849,2873,,,,472700,0,5715003,6187703,14572,-147,151
2026-10-08,00991A,主動復華未來50,TWSE,18.87,18.99,18.65,18.93,-0.26,48912651,923032448,16219,,,,683104,0,291343,974447,104729,-782,1210
2026-10-08,00991B,貝萊德A級公司債,TWSE,14.2,14.23,14.2,14.23,0.03,704908,10024264,27,,,,647000,0,-696323,-49323,3,0,0
2026-10-08,00992A,主動群益科技創新,TWSE,19.89,20.07,19.73,20.01,-0.13,47824474,953350804,15713,,,,-6302700,0,-23248475,-29551175,21117,2125,171
2026-10-08,00993A,主動安聯台灣,TWSE,14.42,14.49,14.24,14.43,-0.19,3807243,54787954,1006,,,,442000,0,-51527,390473,863,-10,53
2026-10-08,00994A,主動第一金台股優,TWSE,17.94,18,17.7,17.94,-0.23,9067493,161973196,1071,,,,-7458880,0,7582664,123784,907,3,9
2026-10-08,00995A,主動中信台灣卓越,TWSE,18.52,18.65,18.32,18.62,-0.04,2495776,46218533,763,,,,116110,0,134922,251032,955,-7,5
2026-10-08,00996A,主動兆豐台灣豐收,TWSE,15.35,15.42,15.18,15.37,-0.06,12189359,186849710,3261,,,,-719230,0,-6896746,-7615976,2809,-15,0
2026-10-08,00997A,主動群益美國增長,TWSE,12.01,12.01,11.93,11.96,-0.08,7644395,91527305,1584,,,,3235000,0,2297355,5532355,9481,-361,1
2026-10-08,00999A,主動野村臺灣高息,TWSE,11.55,11.59,11.45,11.54,-0.09,5291336,61028467,1520,,,,463000,0,258798,721798,1493,117,0
2026-10-08,01001T,土銀富邦R1,TWSE,11.02,11.02,11,11,-0.03,56190,618405,16,,,,,,,,,,
2026-10-08,01002T,土銀國泰R1,TWSE,12.51,12.51,12.49,12.5,-0.01,35000,437380,31,,,,,,,,,,
2026-10-08,01004T,土銀富邦R2,TWSE,9.99,10,9.99,9.99,0,77000,769570,27,,,,,,,,,,
2026-10-08,01007T,兆豐國泰R2,TWSE,11.2,11.24,11.17,11.24,0.04,56000,626770,29,,,,,,,,,,
2026-10-08,01009T,王道圓滿R1,TWSE,5.46,5.5,5.38,5.4,-0.09,588000,3189070,38,,,,-1000,0,0,-1000,,,
2026-10-08,01010T,京城樂富R1,TWSE,10,10,10,10,0,103004,1030040,6,,,,-1000,0,0,-1000,,,
2026-10-08,020000,富邦特選蘋果N,TWSE,34.58,34.68,34.58,34.68,0,2000,69260,2,,,,0,0,2000,2000,,,
2026-10-08,020011,統一微波高息20N,TWSE,,,,,,0,0,0,,,,,,,,,,
2026-10-08,020012,富邦行動通訊N,TWSE,,,,,,0,0,0,,,,,,,,,,
2026-10-08,02001L,富邦蘋果正二N,TWSE,170.5,171.15,166.2,170.4,-4.3,57000,9640300,42,,,,0,0,-38000,-38000,,,
2026-10-08,020020,元大台股領航N,TWSE,,,,,,0,0,0,,,,,,,,,,
2026-10-08,020028,元大特選電動車N,TWSE,,,,,,0,0,0,,,,,,,,,,
2026-10-08,020029,元大ESG高股息N,TWSE,,,,,,0,0,0,,,,,,,,,,
2026-10-08,020030,統一智慧電動車N,TWSE,21.6,21.68,21.6,21.68,-0.17,2000,43280,2,,,,0,0,-2000,-2000,,,
2026-10-08,020031,統一IC設計臺灣N,TWSE,11.49,11.63,11.47,11.6,-0.05,9000,104180,5,,,,0,0,-7000,-7000,,,
2026-10-08,020032,元大綠能N,TWSE,,,,,,0,0,0,,,,,,,,,,
2026-10-08,020034,元大IC設計N,TWSE,16.87,16.87,16.83,16.84,-0.11,20000,336800,5,,,,0,0,-18000,-18000,,,
2026-10-08,020036,元大金融配息N,TWSE,,,,,,0,0,0,,,,,,,,,,
2026-10-08,020037,元大金融高股息N,TWSE,,,,,,0,0,0,,,,,,,,,,
2026-10-08,020038,元大ESG配息N,TWSE,,,,,,0,0,0,,,,,,,,,,
2026-10-08,020039,元大加權N,TWSE,15.79,15.87,15.79,15.83,-0.13,78000,1237640,5,,,,0,0,78000,78000,,,
2026-10-08,1101,台泥,TWSE,25.5,25.9,25.45,25.7,0.2,33060614,851041282,10094,,,,10143068,-11000,31045,10163113,37297,-415,53
2026-10-08,1101B,台泥乙特,TWSE,43.4,43.45,43.4,43.45,0.05,12146,527172,10,,,,,,,,,,
2026-10-08,1102,亞泥,TWSE,35.6,36.35,35.6,36.35,0.45,10781486,390153035,4306,10.04,,,7341816,-80000,173235,7435051,640,-28,7
2026-10-08,1103,嘉泥,TWSE,13.15,13.15,13.05,13.15,0,312883,4098346,125,9.81,,,0,0,0,0,4335,44,0
2026-10-08,1104,環泥,TWSE,26.7,26.95,26.65,26.85,0,219542,5885540,354,9.94,,,75078,4000,0,79078,1659,-16,0
2026-10-08,1108,幸福,TWSE,11.1,11.1,11,11.1,0,90782,1001554,72,16.32,,,8000,0,0,8000,562,0,0
2026-10-08,1109,信大,TWSE,13.25,13.3,13.15,13.15,-0.15,131201,1734134,139,19.06,,,2000,0,0,2000,274,0,0
2026-10-08,1110,東泥,TWSE,14.3,14.45,14.3,14.45,0,99482,1430461,79,23.31,,,-10000,0,0,-10000,2183,-67,0
2026-10-08,1201,味全,TWSE,11.45,11.6,11.45,11.55,0.1,348828,4013492,258,18.93,,,60934,0,-15000,45934,1925,-64,0
2026-10-08,1203,味王,TWSE,43.1,43.15,42.75,42.75,-0.25,25112,1080200,37,20.36,,,-9000,0,0,-9000,21,0,0
2026-10-08,1210,大成,TWSE,51.3,51.4,51.1,51.3,0,932221,47766322,916,12.6,,,-560540,4000,-4607,-561147,494,-4,0
2026-10-08,1213,大飲,TWSE,7.47,7.5,7.47,7.5,0.19,4285,32113,7,,,,,,,,0,0,0
2026-10-08,1215,卜蜂,TWSE,105,106.5,105,106.5,1.5,525612,55739772,772,12.27,,,214105,1000,0,215105,457,-10,0
2026-10-08,1216,統一,TWSE,75,76.2,75,75.6,0.1,10217453,773678335,5867,18.26,,,4818307,1911188,387151,7116646,1104,-309,0
2026-10-08,1217,愛之味,TWSE,9.91,9.95,9.9,9.95,0.06,333325,3308537,266,15.08,,,20351,0,0,20351,1886,4,2
2026-10-08,1218,泰山,TWSE,14.5,14.75,14.45,14.65,0.2,677257,9894764,392,,,,216179,0,0,216179,1612,-1,20
2026-10-08,1219,福壽,TWSE,11.2,11.25,11.1,11.25,0,87867,981312,89,,,,17030,0,0,17030,289,0,1
2026-10-08,1220,台榮,TWSE,10.9,11,10.9,10.95,0.05,112266,1232942,100,156.43,,,4098,0,0,4098,681,-2,1
2026-10-08,1225,福懋油,TWSE,24.2,24.2,23.95,24,-0.2,24342,585042,83,114.29,,,2000,0,1000,3000,6765,-10,0
2026-10-08,1227,佳格,TWSE,27.7,27.9,27.65,27.8,0.1,400000,11108589,358,17.27,,,16130,0,0,16130,1258,-2,0
2026-10-08,1229,聯華,TWSE,39.65,39.95,39.6,39.95,0.3,1656996,65867161,1599,16.04,,,828267,8000,10000,846267,3005,37,16
2026-10-08,1231,聯華食,TWSE,78,78.2,77.5,77.9,-0.1,240575,18721238,645,15.77,,,34972,0,-400,34572,259,-2,0
2026-10-08,1232,大統益,TWSE,155,155,154,154.5,0.5,41628,6427616,147,17.11,,,23024,0,0,23024,127,-5,0
2026-10-08,1233,天仁,TWSE,28,28,27.9,28,-0.05,8217,229751,18,30.43,,,0,0,0,0,57,0,0
2026-10-08,1234,黑松,TWSE,32.15,32.3,32.05,32.3,0,101516,3261601,138,19.7,,,-14000,0,-213,-14213,11,0,0
2026-10-08,1235,興泰,TWSE,31.3,32,31.3,31.45,0.5,21073,663095,26,,,,1000,0,-1000,0,1159,0,0
2026-10-08,1236,宏亞,TWSE,25.8,25.9,25.7,25.7,-0.1,9052,233058,24,,,,0,0,0,0,124,0,0
2026-10-08,1256,鮮活果汁-KY,TWSE,167.5,168,166.5,167.5,1,15308,2556771,63,10.76,,,-1321,0,0,-1321,312,-1,0
2026-10-08,1301,台塑,TWSE,78,82.4,76.6,81.3,5.9,245432809,19605946314,123102,49.57,,,14225022,13940000,-972995,27192027,16430,604,1563
2026-10-08,1303,南亞,TWSE,314,316,304,310,-4,73431186,22817455338,77291,50,,,-12939731,877294,-550341,-12612778,35793,740,3453
2026-10-08,1304,台聚,TWSE,13.05,13.45,12.9,13.15,0.1,6016830,79340701,2626,,,,1459866,0,39240,1499106,9576,-216,95
2026-10-08,1305,華夏,TWSE,12.9,13.15,12.8,13,0.1,3165055,41041266,1224,,,,1200420,0,10540,1210960,6313,29,27
2026-10-08,1307,三芳,TWSE,31.5,31.55,31.2,31.3,-0.2,321088,10081880,619,9.34,,,-18056,0,-53,-18109,1508,-28,0
2026-10-08,1308,亞聚,TWSE,14.6,14.9,14.5,14.55,-0.2,1618845,23803017,879,,,,109148,0,-6903,102245,6415,-6,31
2026-10-08,1309,台達化,TWSE,14.4,14.7,14.2,14.35,-0.05,2381869,34450416,1102,,,,507842,0,-46577,461265,8052,14,53
2026-10-08,1310,台苯,TWSE,9.91,10.25,9.81,10.05,0.31,8859987,89019620,3060,,,,3056855,0,-5000,3051855,11423,23,92
2026-10-08,1312,國喬,TWSE,15,15.5,14.9,15.15,0.1,22315826,339834596,8056,,,,8931149,0,-2281087,6650062,38761,-635,189
2026-10-08,1312A,國喬特,TWSE,22.95,22.95,22.95,22.95,0.1,3000,68850,1,,,,,,,,,,
2026-10-08,1313,聯成,TWSE,12.7,13.1,12.6,12.8,0.2,6847787,88054818,2193,,,,2988592,0,0,2988592,10442,-16,32
2026-10-08,1314,中石化,TWSE,8.91,9.25,8.9,9.06,0.15,56469258,512893034,13761,,,,21624156,0,118226,21742382,53913,1433,425
2026-10-08,1315,達新,TWSE,72.5,73.7,72.1,72.8,0.8,140903,10263205,142,29.84,,,-27000,0,0,-27000,70,5,0
2026-10-08,1316,上曜,TWSE,10.3,10.6,10.3,10.4,0.05,2389305,24996758,591,,,,603557,0,-808,602749,9768,-159,16
2026-10-08,1319,東陽,TWSE,80.2,80.8,79.8,80.8,0.8,1254731,100891616,1127,13.12,,,580707,2000,-21582,561125,6882,-125,0
2026-10-08,1321,大洋,TWSE,32.5,32.85,32.5,32.65,0.2,98102,3202290,78,251.15,,,36002,0,14000,50002,7058,2,1
2026-10-08,1323,永裕,TWSE,21.5,21.6,21.5,21.55,0.05,15886,342064,33,16.97,,,6000,0,0,6000,65,0,0
2026-10-08,1324,地球,TWSE,9.92,9.95,9.88,9.88,-0.04,118849,1177016,129,,,,-6000,0,0,-6000,1050,-11,0
2026-10-08,1325,恆大,TWSE,29.25,30.55,28.55,30.55,2.75,3951692,118739778,1937,,,,-24661,0,0,-24661,2003,-111,90
2026-10-08,1326,台化,TWSE,76.3,79.1,75.5,77.6,1.8,82359461,6374769824,49222,32.88,,,4600490,5000,-93106,4512384,20602,-3,351
2026-10-08,1337,再生-KY,TWSE,4.43,4.43,4.37,4.4,-0.01,124294,546721,125,,,,16896,0,0,16896,21457,2,0
2026-10-08,1338,廣華-KY,TWSE,15.05,15.1,14.8,15.1,0.05,23467,352488,49,,,,-5000,0,0,-5000,4631,11,0
2026-10-08,1339,昭輝,TWSE,42.1,42.3,41.9,42.25,-0.2,58936,2480285,81,7.27,,,9000,0,0,9000,935,-6,0
2026-10-08,1340,勝悅-KY,TWSE,5.16,5.17,5.13,5.14,-0.04,65415,336949,88,,,,9000,0,0,9000,924,-30,0
2026-10-08,1341,富林-KY,TWSE,59.1,59.1,59.1,59.1,0,1004,59333,5,12.01,,,,,,,,,
2026-10-08,1342,八貫,TWSE,100,101,100,101,0,103160,10377827,143,14.29,,,19778,-2000,0,17778,543,11,0
2026-10-08,1402,遠東新,TWSE,28.45,28.75,28.4,28.4,-0.2,4384599,125179578,1974,14.72,,,397301,-107000,-10394,279907,7310,-248,61
2026-10-08,1409,新纖,TWSE,26,26.8,25.9,26.05,-0.1,18799931,494416312,9666,11.84,,,2057946,3000,2555,2063501,24014,-692,55
2026-10-08,1410,南染,TWSE,23.85,24,23.7,23.75,-0.15,56191,1337678,58,32.53,,,1000,0,0,1000,209,0,0
2026-10-08,1413,宏洲,TWSE,9.22,9.22,9.06,9.21,-0.09,13000,118430,10,29.71,,,2000,0,0,2000,0,0,0
2026-10-08,1414,東和,TWSE,17.65,17.95,17.55,17.95,0.3,81632,1445537,79,32.05,,,-8005,0,5000,-3005,690,-15,0
2026-10-08,1416,廣豐,TWSE,11.8,12.5,11.7,12,0.15,908826,10952289,518,10.17,,,8028,0,4000,12028,5618,-56,0
2026-10-08,1417,嘉裕,TWSE,8.11,8.16,8.09,8.16,0,68174,554592,103,16,,,1000,0,0,1000,2243,0,0
2026-10-08,1418,東華,TWSE,18.3,18.9,18.3,18.65,0.05,17076,316950,21,,,,-1000,0,0,-1000,788,0,0
2026-10-08,1419,新紡,TWSE,65.7,65.9,65.7,65.9,0.2,9166,602800,13,4.74,,,5000,0,0,5000,1220,-4,0
2026-10-08,1423,利華,TWSE,34.2,34.95,34.2,34.75,0.2,3748,129372,16,10.19,,,1000,0,0,1000,88,1,0
2026-10-08,1432,大魯閣,TWSE,15,15,14.9,15,0,44921,673103,217,2.94,,,10000,0,0,10000,148,0,0
2026-10-08,1434,福懋,TWSE,18.95,19.6,18.9,19.45,0.5,9020649,174326929,3835,21.14,,,2495140,0,38712,2533852,5109,796,5
2026-10-08,1435,中福,TWSE,21.2,21.2,20,20.5,-0.55,18316,374597,36,,,,3000,0,0,3000,0,0,0
2026-10-08,1436,華友聯,TWSE,36.25,36.25,35.9,36,-0.25,96046,3455125,198,12.77,,,-32000,0,0,-32000,855,-7,0
2026-10-08,1437,勤益控,TWSE,31.15,31.3,31.15,31.25,0.05,30558,953197,25,7.22,,,-2000,0,0,-2000,3154,-3,0
2026-10-08,1438,三地開發,TWSE,21.85,21.85,21.5,21.6,-0.15,8560,185195,35,8.34,,,-3000,0,0,-3000,156,0,0
2026-10-08,1439,雋揚,TWSE,28.95,29,28.05,28.05,0,41322,1180113,33,9.14,,,3000,0,0,3000,978,0,5
2026-10-08,1440,南紡,TWSE,14,14.45,13.9,14.35,0.4,10111401,143499569,2661,478.33,,,1836773,0,74000,1910773,4995,8,4
2026-10-08,1441,大東,TWSE,9.6,9.65,9.59,9.6,-0.11,33202,319373,198,,,,-4000,0,0,-4000,0,0,0
2026-10-08,1442,名軒,TWSE,26.75,26.95,26.55,26.65,-0.15,131197,3502249,148,15.58,,,-7645,0,-4000,-11645,2640,-119,77
2026-10-08,1443,立益物流,TWSE,23.05,23.05,22.3,22.55,-0.55,22262,502843,40,11.11,,,-1000,0,0,-1000,8,0,0
2026-10-08,1444,力麗,TWSE,6.99,7.07,6.91,7,0.01,953884,6673749,589,,,,117781,-35000,-7670,75111,1041,38,9
2026-10-08,1445,大宇,TWSE,10.4,10.45,10.2,10.45,0.05,115411,1197308,63,,,,65000,0,0,65000,1343,10,1
2026-10-08,1446,宏和,TWSE,13.3,13.4,13.3,13.35,-0.1,37635,502483,60,14.2,,,4919,0,0,4919,1366,-15,0
2026-10-08,1447,力鵬,TWSE,6.53,6.67,6.52,6.6,-0.02,538763,3554613,513,,,,17012,-26000,0,-8988,344,0,0
2026-10-08,1449,佳和,TWSE,12.9,13.2,12.85,13.2,0.4,818853,10673068,456,,,,44418,0,-8000,36418,2753,-63,0
2026-10-08,1451,年興,TWSE,17,17.15,17,17.15,0.15,277592,4737543,94,11.36,,,-67000,0,0,-67000,567,0,0
2026-10-08,1452,宏益,TWSE,10.6,10.75,10.55,10.7,0,62191,661680,62,,,,-10002,0,-2000,-12002,122,0,0
2026-10-08,1453,大將,TWSE,10.85,10.95,10.75,10.8,-0.15,56626,613637,92,15.43,,,-11000,0,0,-11000,861,0,0
2026-10-08,1454,台富,TWSE,12.05,12.2,12.05,12.2,0.1,32613,395001,95,,,,-1000,0,2000,1000,2367,0,0
2026-10-08,1455,集盛,TWSE,10.35,10.8,10.1,10.25,-0.55,8576443,88739831,3347,19.34,,,2090897,0,-3706,2087191,4793,1425,41
2026-10-08,1456,怡華,TWSE,14.35,15.3,14.2,14.95,0.55,185248,2752192,115,5.16,,,-11000,0,1000,-10000,636,-8,0
2026-10-08,1457,宜進,TWSE,14.25,14.3,14.2,14.3,0,81945,1168619,58,10.59,,,-4925,0,0,-4925,541,-2,1
2026-10-08,1459,聯發,TWSE,18.25,18.4,17.8,18.4,0.15,441308,8012087,376,7.13,,,-50694,0,0,-50694,703,-51,30
2026-10-08,1460,宏遠,TWSE,6.15,6.18,6.1,6.13,-0.02,197356,1212685,133,,,,-30099,0,0,-30099,0,0,0
2026-10-08,1463,強盛新,TWSE,17.6,17.7,17.6,17.65,0,81116,1430798,71,,,,0,0,0,0,468,10,0
2026-10-08,1464,得力,TWSE,9.94,9.94,9.9,9.93,-0.01,171507,1701600,194,11.96,,,-15002,0,0,-15002,1846,1,0
2026-10-08,1465,偉全,TWSE,11.55,11.65,11.5,11.65,0.05,81919,948628,85,20.09,,,0,0,0,0,2796,-10,0
2026-10-08,1466,聚隆,TWSE,14.55,14.6,14.25,14.25,-0.3,262581,3768795,167,,,,12932,0,0,12932,2816,-56,15
2026-10-08,1467,南緯,TWSE,8.12,8.23,8.12,8.2,-0.01,162913,1330081,94,31.54,,,-15652,0,0,-15652,7155,57,1
2026-10-08,1468,昶和,TWSE,13.25,13.3,12.95,13.15,-0.25,90437,1182122,52,14.78,,,-19000,0,-2000,-21000,0,0,0
2026-10-08,1470,大統新創,TWSE,24.1,24.2,24.1,24.2,-0.1,3000,72400,3,18.62,,,0,0,0,0,2,0,0
2026-10-08,1471,首利,TWSE,9.42,9.45,9.31,9.31,-0.11,213602,2000041,114,46.55,,,52000,0,3000,55000,0,0,0
2026-10-08,1472,三洋實業,TWSE,89.5,89.9,89,89.7,0.7,29385,2628647,26,14.02,,,10000,0,-8000,2000,3574,3,3
2026-10-08,1473,台南,TWSE,19,19,18.9,18.95,-0.1,73467,1393615,432,54.14,,,-54000,0,0,-54000,784,6,0
2026-10-08,1474,弘裕,TWSE,9.98,10.05,9.86,10.05,0.05,87641,873008,64,37.22,,,4000,0,1000,5000,2780,53,0
2026-10-08,1475,業旺,TWSE,26.35,26.35,25.5,26,0.5,21005,540028,20,6.68,,,-3000,0,0,-3000,428,1,0
2026-10-08,1476,儒鴻,TWSE,297,313,296,310,13,4198672,1289839329,4535,12.84,,,1008548,225000,32632,1266180,1614,-102,25
2026-10-08,1477,聚陽,TWSE,202,205,201,204,1.5,1537642,313346068,2833,13.92,,,778346,-27496,-2630,748220,1556,-14,1
2026-10-08,1503,士電,TWSE,198.5,198.5,195.5,197,-2.5,710127,139720978,1888,27.14,,,-238987,8000,7185,-223802,2725,48,10
2026-10-08,1504,東元,TWSE,72.5,73.3,71,71.7,-1.6,10635881,762789493,14496,25.98,,,-4647471,13000,-312524,-4946995,27377,-147,84
2026-10-08,1506,正道,TWSE,9.61,9.62,9.58,9.6,-0.03,95102,912287,57,192,,,-13100,0,0,-13100,0,0,0
2026-10-08,1512,瑞利,TWSE,6.22,6.37,6.14,6.27,-0.01,28597,178145,33,33,,,1000,0,0,1000,0,0,0
2026-10-08,1513,中興電,TWSE,167.5,167.5,166,167,-1,1474718,245546941,3980,18.79,,,-65263,21000,32138,-12125,6758,70,17
2026-10-08,1514,亞力,TWSE,104,104,102,102.5,-1,790867,81122894,1035,28.08,,,-27550,2000,-2117,-27667,5783,34,16
2026-10-08,1515,力山,TWSE,28.4,28.4,28,28.1,-0.3,348375,9817391,288,18.86,,,34000,-7000,766,27766,2585,-19,1
2026-10-08,1516,川飛,TWSE,13.8,14.35,13.8,14,0.4,73858,1041160,368,1400,,,1000,0,1000,2000,0,0,0
2026-10-08,1517,利奇,TWSE,10.4,10.4,10.2,10.4,0,271477,2804798,144,,,,22000,0,0,22000,1675,-3,0
2026-10-08,1519,華城,TWSE,694,697,689,692,-10,1034131,716825302,3787,45.29,,,-448885,-1500,-42372,-492757,3270,-54,35
2026-10-08,1521,大億,TWSE,25.55,25.8,25.3,25.8,0.1,21342,547254,28,16.23,,,3000,0,-1000,2000,453,3,0
2026-10-08,1522,堤維西,TWSE,26,26.4,26,26.4,0.45,354738,9324526,328,27.5,,,205320,0,-1000,204320,3517,-9,9
2026-10-08,1524,耿鼎,TWSE,26.1,27.25,26.1,26.95,0.85,986512,26434911,808,13.21,,,36320,0,-5000,31320,3238,-191,2
2026-10-08,1525,江申,TWSE,63.3,64.3,63.2,63.2,0,6113,388956,33,42.99,,,-2000,0,0,-2000,197,0,0
2026-10-08,1526,日馳,TWSE,15.55,15.55,14.9,14.9,-0.15,83184,1251046,85,,,,-7000,0,0,-7000,616,0,6
2026-10-08,1527,鑽全,TWSE,32.5,32.55,32.35,32.45,-0.05,105447,3416311,165,15.38,,,-38999,0,0,-38999,367,2,0
2026-10-08,1528,恩德,TWSE,23.9,23.95,23.5,23.7,-0.35,2225149,52888517,1470,,,,441541,0,0,441541,6728,-64,190
2026-10-08,1529,樂事綠能,TWSE,15.85,15.9,15.65,15.65,-0.05,357538,5623909,307,24.08,,,-75654,0,0,-75654,3324,-27,1
2026-10-08,1530,亞崴,TWSE,26.2,26.35,26.15,26.2,-0.15,29639,778738,100,13.94,,,-7060,0,0,-7060,247,0,0
2026-10-08,1531,高林股,TWSE,11.4,11.9,11.4,11.75,0.25,302760,3514569,146,43.52,,,-149853,0,-5000,-154853,1579,-22,0
2026-10-08,1532,勤美,TWSE,21.8,21.8,21.65,21.75,0,114267,2481446,97,17.68,,,-21770,0,0,-21770,2882,-5,1
2026-10-08,1533,車王電,TWSE,30.3,30.3,30.05,30.1,-0.45,127228,3835680,111,11.19,,,-38000,0,0,-38000,547,3,2
2026-10-08,1535,中宇,TWSE,45.5,45.8,45.5,45.8,0.05,13215,603334,16,12.12,,,1000,0,0,1000,46,-1,0
2026-10-08,1536,和大,TWSE,46.55,46.65,46.3,46.4,-0.15,393987,18277483,540,,,,41859,0,-17673,24186,6099,-55,23
2026-10-08,1537,廣隆,TWSE,114,114.5,113.5,114,1,79350,9037204,121,13.78,,,1468,0,0,1468,56,0,0
2026-10-08,1538,正峰,TWSE,9.1,9.1,9.1,9.1,0.25,1501,13512,4,,,,,,,,0,0,0
2026-10-08,1539,巨庭,TWSE,15.55,15.65,15.55,15.6,0,30415,474372,27,18.57,,,0,0,0,0,1235,3,0
2026-10-08,1540,喬福,TWSE,18.9,19.1,18.85,18.95,0.05,102750,1942385,196,15.53,,,17000,0,0,17000,1481,0,1
2026-10-08,1541,錩泰,TWSE,20.3,20.5,20.25,20.5,-0.05,7002,142490,8,7.59,,,1000,0,0,1000,103,0,0
2026-10-08,1558,伸興,TWSE,109,109,106.5,107.5,-1.5,56582,6082375,724,13.39,,,-20407,0,0,-20407,252,0,0
2026-10-08,1560,中砂,TWSE,1030,1030,1000,1010,-10,530628,535017590,2041,85.88,,,140822,7000,-28823,118999,963,1,236
2026-10-08,1563,巧新,TWSE,80,80.7,78,79.3,-1.3,558814,44352546,1364,74.81,,,53040,0,5754,58794,2476,27,8
2026-10-08,1568,倉佑,TWSE,31.35,31.45,30.9,31.25,-0.1,177976,5536325,221,16.53,,,-59951,0,-1000,-60951,1899,0,3
2026-10-08,1582,信錦,TWSE,71.8,71.8,70.9,71.1,-0.6,277899,19779042,438,22.15,,,-27585,0,-12,-27597,3682,8,3
2026-10-08,1583,程泰,TWSE,47.3,47.3,47.3,47.3,0,2042,96576,6,10.8,,,1000,0,0,1000,61,1,0
2026-10-08,1587,吉茂,TWSE,23.9,23.9,23.6,23.85,0.05,47489,1125636,67,113.57,,,-2000,0,0,-2000,1634,1,0
2026-10-08,1590,亞德客-KY,TWSE,1205,1255,1195,1205,-25,2064053,2527612990,7662,23.15,,,-1362079,1000,4705,-1356374,169,-2,0
2026-10-08,1597,直得,TWSE,145,145,141,142.5,-2.5,640466,91028090,853,69.85,,,-188066,0,5461,-182605,3860,-30,15
2026-10-08,1598,岱宇,TWSE,20.6,20.65,20,20.1,-0.15,183174,3706661,127,,,,-60408,0,0,-60408,2079,5,0
2026-10-08,1603,華電,TWSE,30.7,30.75,30.5,30.6,0,90236,2762495,86,10.97,,,-21650,0,0,-21650,1873,-2,0
2026-10-08,1604,聲寶,TWSE,23.3,23.65,23.25,23.65,0.35,509527,11983712,292,13.51,,,-49510,0,0,-49510,113,-3,0
2026-10-08,1605,華新,TWSE,40.2,40.35,39.1,39.1,-0.8,23780548,941473783,14908,11.85,,,-5596991,-1000,-754775,-6352766,42648,506,1253
2026-10-08,1608,華榮,TWSE,36.8,37,36.55,36.55,-0.5,1644553,60342981,1246,3.17,,,-334039,0,-1831,-335870,7028,-12,41
2026-10-08,1609,大亞,TWSE,39,39.15,38.2,38.25,-0.75,3000037,115350516,3686,14.11,,,-1712392,0,11799,-1700593,11897,-201,50
2026-10-08,1611,中電,TWSE,11.3,11.4,11.25,11.35,0.05,286745,3251859,235,25.22,,,-124984,0,0,-124984,3788,16,2
2026-10-08,1612,宏泰,TWSE,34.75,34.8,34,34.35,-0.7,1034520,35578726,755,8.81,,,-636948,0,-618,-637566,1957,47,0
2026-10-08,1614,三洋電,TWSE,31,31.15,30.7,31.15,0.15,52380,1620421,196,24.72,,,-2000,0,1000,-1000,278,0,0
2026-10-08,1615,大山,TWSE,43,46.05,42.7,46.05,4.15,1477934,67369244,829,8.91,,,86000,0,12501,98501,126,2,0
2026-10-08,1616,億泰,TWSE,18.65,18.7,18.35,18.7,0.05,153249,2833543,126,42.5,,,-32338,0,-1000,-33338,2707,27,1
2026-10-08,1617,榮星,TWSE,24.3,24.45,23.7,24.1,0.15,1648350,39611865,1000,17.72,,,-425229,0,6000,-419229,2527,116,22
2026-10-08,1618,合機,TWSE,38.6,38.6,38,38.1,-1.2,1008297,38565162,746,7.86,,,-610023,0,49,-609974,3061,11,1
2026-10-08,1623,大東電,TWSE,195,198,192.5,194,-1,84020,16350429,146,15.62,,,-7000,0,11000,4000,337,-3,0
2026-10-08,1626,艾美特-KY,TWSE,9.78,9.78,9.73,9.74,-0.05,4638,45103,24,,,,1000,0,0,1000,1402,0,0
2026-10-08,1702,南僑,TWSE,32.75,33.6,32.75,33.35,0.6,320521,10678481,348,50.53,,,90269,0,-579,89690,261,0,0
2026-10-08,1707,葡萄王,TWSE,84.9,85.4,84.5,85.4,0.5,135580,11521459,264,11.02,,,32879,0,-151,32728,448,-12,20
2026-10-08,1708,東鹼,TWSE,56.7,58.4,56.7,57,-0.3,4941677,284539209,4691,13.8,,,364898,-10000,-48593,306305,6458,-456,81
2026-10-08,1709,和益,TWSE,60.2,62,59,61,0.8,10954186,668666698,7870,30.35,,,1746348,0,-11000,1735348,30113,-1560,1352
2026-10-08,1710,東聯,TWSE,17.6,18.25,17.5,18.1,0.5,10748489,193518173,3644,,,,2401820,0,456905,2858725,9050,-436,85
2026-10-08,1711,永光,TWSE,44.8,49.8,44.5,46.25,0.8,37952905,1816731947,39977,355.77,,,2936696,0,218944,3155640,20387,295,174
2026-10-08,1712,興農,TWSE,39.9,40.1,39.9,39.95,0.1,447811,17914562,494,15.08,,,125108,-3494,782,122396,495,-5,0
2026-10-08,1713,國化,TWSE,45,45,44.3,44.95,0.2,80332,3605046,75,9.48,,,5000,0,0,5000,2517,-7,0
2026-10-08,1714,和桐,TWSE,19.8,20.9,19.5,19.95,0.3,76779487,1551213586,30161,16.91,,,-1387588,-40000,65133,-1362455,21789,-490,515
2026-10-08,1717,長興,TWSE,74.8,75.9,74.3,74.4,-1.2,6250878,467606482,5206,39.16,,,241413,5000,-66786,179627,16759,-10,497
2026-10-08,1718,中纖,TWSE,11.3,12.4,11.2,12.2,0.9,101238253,1217994622,24489,20.68,,,-7987646,-44000,1013081,-7018565,21123,-1052,192
2026-10-08,1720,生達,TWSE,56.3,57.5,56.3,56.9,0.8,701718,39948964,668,9.9,,,4101,0,-3000,1101,324,-1,0
2026-10-08,1721,國慶科技,TWSE,26.9,28.65,26.6,27.75,0,3798381,106095920,3226,,,,770526,0,-1000,769526,35,0,0
2026-10-08,1722,台肥,TWSE,41.35,41.65,41.35,41.45,0.15,1647257,68352704,1217,49.35,,,265129,5000,-1983,268146,4134,8,43
2026-10-08,1723,中碳,TWSE,82.8,84.4,82.7,84.3,2.9,1198628,100313067,1324,27.11,,,602520,-1000,3791,605311,607,12,0
2026-10-08,1725,元禎,TWSE,34.1,35.05,34.1,34.8,0.7,134679,4656933,84,14.2,,,13000,0,-5000,8000,312,0,0
2026-10-08,1726,永記,TWSE,75.9,76.2,75.8,76.2,0,15357,1166391,20,11.89,,,3000,0,0,3000,1,0,0
2026-10-08,1727,中華化,TWSE,105.5,113,105.5,107,1,11024240,1205720052,9080,155.07,,,-356190,0,14707,-341483,9376,-832,0
2026-10-08,1730,花仙子,TWSE,51.2,51.5,51.1,51.3,0.2,35955,1844427,50,10.73,,,6000,0,0,6000,13,0,0
2026-10-08,1731,美吾華,TWSE,21,21.1,20.95,21.05,0.1,158100,3330983,111,13.94,,,71060,0,0,71060,268,0,0
2026-10-08,1732,毛寶,TWSE,27.55,29.1,27.05,28,1.25,3297598,93290508,2395,22.76,,,-201000,0,0,-201000,722,53,3
2026-10-08,1733,五鼎,TWSE,30.55,30.55,30.3,30.45,-0.1,54319,1653160,57,16.03,,,6000,0,0,6000,2082,12,0
2026-10-08,1734,杏輝,TWSE,32.1,32.65,32,32.4,0.3,216846,7032059,297,17.51,,,47139,0,0,47139,319,0,0
2026-10-08,1735,日勝化,TWSE,23.05,24.3,23.05,23.2,0.05,433557,10235325,357,19.83,,,-115000,0,15,-114985,558,19,0
2026-10-08,1736,喬山,TWSE,123.5,126,123,123,1,460026,57245570,454,11.12,,,181858,1000,407,183265,1427,13,0
2026-10-08,1737,臺鹽,TWSE,29.95,30.05,29.95,30,0.05,76254,2287477,114,15.38,,,-8000,0,0,-8000,87,0,0
2026-10-08,1752,南光,TWSE,31.6,33.35,31.6,33.25,1.75,357648,11711444,322,16.38,,,41000,0,1000,42000,298,0,0
2026-10-08,1760,寶齡富錦,TWSE,54.9,56.7,54.5,55.7,1.4,441810,24634741,543,22.19,,,51157,0,0,51157,1091,-9,10
2026-10-08,1762,中化生,TWSE,33.85,36,33.85,35.35,1.45,377874,13360030,387,,,,118000,0,-2000,116000,864,0,1
2026-10-08,1773,勝一,TWSE,176,181.5,175,175.5,-1.5,801411,142291965,4443,21.88,,,210537,2000,-33793,178744,1892,214,2
2026-10-08,1776,展宇,TWSE,18.5,19.95,18.5,19.35,0.85,216492,4173856,197,21.26,,,27000,0,-1000,26000,686,9,0
2026-10-08,1783,和康生,TWSE,38.55,38.7,38.05,38.1,-0.45,109580,4195182,211,11.72,,,6000,0,0,6000,428,2,0
2026-10-08,1786,科妍,TWSE,41.45,41.85,41.35,41.7,0.25,131757,5484618,158,17.09,,,10000,0,-4885,5115,4678,-5,0
2026-10-08,1789,神隆,TWSE,18.95,19.4,18.9,19.1,0.15,445648,8555802,318,382,,,90038,0,0,90038,3155,4,0
2026-10-08,1795,美時,TWSE,182.5,182.5,179.5,180.5,-2,588145,106221663,3836,12.76,,,-130581,1000,-23016,-152597,8418,121,3
2026-10-08,1802,台玻,TWSE,66,66.8,62.6,63.9,-1.8,160355371,10313913704,82409,74.3,,,-7087312,121000,-1956015,-8922327,36468,-710,1814
2026-10-08,1805,寶徠,TWSE,10,10,9.92,9.99,-0.01,70967,707410,31,83.25,,,-2000,0,0,-2000,1460,6,0
2026-10-08,1806,冠軍,TWSE,7.96,7.97,7.81,7.92,-0.04,174648,1373989,173,49.5,,,86891,0,-1000,85891,2360,-35,0
2026-10-08,1808,潤隆,TWSE,32.15,32.75,31.9,32.55,0.2,597988,19401073,469,7.7,,,251029,0,-27000,224029,6037,-121,1
2026-10-08,1809,中釉,TWSE,45.5,46.6,45.3,45.45,-1.05,2046353,93677845,2092,227.25,,,-292505,0,-22307,-314812,6629,-39,177
2026-10-08,1810,和成,TWSE,23.4,23.4,23.2,23.4,0,939503,21914466,600,6.39,,,270187,0,12001,282188,20505,-57,5
2026-10-08,1817,凱撒衛,TWSE,39.7,39.95,39.55,39.7,0,24242,960659,34,7.91,,,1000,0,-146,854,18,0,0
2026-10-08,1903,士紙,TWSE,47.25,47.5,47,47.45,0.2,39928,1889472,62,34.89,,,8000,0,0,8000,2274,-2,0
2026-10-08,1904,正隆,TWSE,25.05,25.25,24.85,25,-0.25,1129953,28307349,906,11.52,,,123038,0,-9923,113115,5071,57,28
2026-10-08,1905,華紙,TWSE,12.9,12.9,12.75,12.8,-0.1,1054447,13522615,626,,,,296507,0,-36711,259796,9947,-76,1
2026-10-08,1906,寶隆,TWSE,10.6,10.75,10.6,10.75,0.05,85283,911121,65,17.62,,,286,0,0,286,6876,2,0
2026-10-08,1907,永豐餘,TWSE,28.15,28.55,28.1,28.45,0.15,652918,18543316,507,16.74,,,214761,7000,-21000,200761,24105,-15,0
2026-10-08,1909,榮成,TWSE,10.1,10.25,10.1,10.2,0.05,984435,10009611,334,44.35,,,-18952,0,6000,-12952,9381,-33,11
2026-10-08,2002,中鋼,TWSE,18.9,19.05,18.9,18.95,0,26713014,506384493,7026,,,,10325186,3000,145000,10473186,40192,69,31
2026-10-08,2002A,中鋼特,TWSE,37.35,37.35,37.25,37.3,-0.05,5187,193581,15,,,,,,,,,,
2026-10-08,2006,東和鋼鐵,TWSE,85.9,86,84.7,85.3,-0.6,761729,64894661,1295,11.33,,,-181652,4000,24989,-152663,1200,-6,9
2026-10-08,2007,燁興,TWSE,6.9,6.95,6.88,6.91,-0.04,81454,563147,63,,,,10000,0,0,10000,5,0,0
2026-10-08,2008,高興昌,TWSE,30.55,30.55,30.55,30.55,-0.4,10195,311389,8,47.73,,,6000,0,0,6000,92,0,0
2026-10-08,2009,第一銅,TWSE,39.95,39.95,39.5,39.6,-0.3,600197,23782731,854,38.45,,,-170780,0,-17444,-188224,6186,-36,23
2026-10-08,2010,春源,TWSE,22.55,22.8,22.5,22.7,0.05,574235,12998042,394,9.04,,,112279,0,0,112279,2259,24,0
2026-10-08,2012,春雨,TWSE,14,14.2,13.85,14.05,0.05,67409,942503,57,,,,10000,0,-2000,8000,210,0,0
2026-10-08,2013,中鋼構,TWSE,41.15,41.55,41.1,41.35,0.1,31132,1285727,63,12.65,,,-3000,0,0,-3000,1404,0,0
2026-10-08,2014,中鴻,TWSE,16.9,17.05,16.85,16.95,0.05,1025766,17402043,478,,,,378429,0,63000,441429,522,0,0
2026-10-08,2015,豐興,TWSE,64.5,65,64.5,65,0.5,59901,3884821,51,15.19,,,24102,0,0,24102,20,-2,0
2026-10-08,2017,官田鋼,TWSE,8.89,9.08,8.86,9,0.11,281258,2521395,224,,,,113824,0,0,113824,8366,-7,0
2026-10-08,2020,美亞,TWSE,24.4,24.4,24,24.15,-0.25,1138783,27547987,887,11.67,,,218100,0,3000,221100,1594,-36,8
2026-10-08,2022,聚亨,TWSE,7.16,7.16,7.11,7.15,-0.01,249482,1777951,189,,,,24184,0,0,24184,1842,0,0
2026-10-08,2023,燁輝,TWSE,13.8,14.05,13.8,13.95,0.05,1001124,13990128,418,,,,415332,5000,0,420332,3121,29,3
2026-10-08,2024,志聯,TWSE,12.75,13.6,12.75,12.85,0.1,74329,981564,77,44.31,,,-5000,0,2000,-3000,73,0,0
2026-10-08,2025,千興,TWSE,13.55,14,13.45,13.6,0.1,1017837,13949940,458,10.54,,,263962,0,0,263962,635,-221,0
2026-10-08,2027,大成鋼,TWSE,47.7,48.6,47.15,48.25,0.5,11775779,567455199,7600,9.52,,,1203123,2989000,234007,4426130,21729,203,224
2026-10-08,2028,威致,TWSE,16.7,16.85,16.6,16.75,-0.15,44860,749585,45,38.95,,,1000,0,0,1000,1130,-6,0
2026-10-08,2029,盛餘,TWSE,21.7,22.1,21.65,21.8,-0.15,95773,2098126,70,18.17,,,-35722,0,0,-35722,674,-3,0
2026-10-08,2030,彰源,TWSE,36.35,36.95,35.2,35.55,-1.2,4837136,174050354,4005,18.14,,,65000,0,-130000,-65000,10321,-1588,501
2026-10-08,2031,新光鋼,TWSE,45.55,46.25,45.55,45.95,0.05,222384,10215783,215,7.11,,,74232,0,593,74825,2712,4,5
2026-10-08,2032,新鋼,TWSE,18.65,18.65,18.35,18.55,-0.15,455182,8432584,387,12.71,,,-67732,0,0,-67732,2267,-214,3
2026-10-08,2033,佳大,TWSE,52,52.2,50.5,52.2,-1,628724,32530358,560,153.53,,,-115000,0,0,-115000,2692,29,283
2026-10-08,2034,允強,TWSE,24.1,24.3,23.85,24.05,-0.1,2345348,56597127,1096,57.26,,,482108,0,12610,494718,3452,-17,188
2026-10-08,2038,海光,TWSE,12.5,12.55,12.45,12.5,-0.05,97387,1216047,112,,,,1967,0,0,1967,3769,6,0
2026-10-08,2049,上銀,TWSE,340,340,332.5,332.5,-10,2461024,823876998,4488,50.38,,,-1053137,1000,-27099,-1079236,3718,-29,49
2026-10-08,2059,川湖,TWSE,10935,10965,10615,10615,-1175,2003115,21439391495,47784,58.52,,,-295635,-251422,37193,-509864,791,8,161
2026-10-08,2062,橋椿,TWSE,17.85,18,17.85,18,0.15,192123,3450592,86,64.29,,,21499,0,1,21500,1259,-2,0
2026-10-08,2069,運錩,TWSE,24.65,25.1,24.5,24.65,-0.4,591581,14646472,533,9.63,,,-194436,0,5000,-189436,1983,-44,26
2026-10-08,2072,世紀風電,TWSE,130.5,132,130,131,0.5,106544,13977003,196,8.87,,,61032,0,145,61177,,,
2026-10-08,2101,南港,TWSE,29.9,30.5,29.9,30,0.25,3643365,109895789,2335,5.23,,,-110486,0,-700,-111186,18115,-679,0
2026-10-08,2102,泰豐,TWSE,16.5,16.6,16.4,16.4,-0.15,229982,3782946,263,1.92,,,-143000,0,0,-143000,3503,-1,0
2026-10-08,2103,台橡,TWSE,29.05,30.05,28.95,29.2,0.2,6349616,187607618,3270,11.73,,,545240,0,33403,578643,13243,432,102
2026-10-08,2104,國際中橡,TWSE,11.35,11.65,11.3,11.6,0.3,6177888,71256407,1816,,,,2161569,0,116215,2277784,17399,-32,70
2026-10-08,2105,正新,TWSE,30.2,30.55,30.2,30.35,0,2932880,89226296,1739,16.68,,,420000,-97000,198476,521476,9108,-19,2
2026-10-08,2106,建大,TWSE,16.7,16.85,16.7,16.8,0.1,573776,9625644,375,35.74,,,192137,0,0,192137,3367,-13,0
2026-10-08,2107,厚生,TWSE,28.15,28.75,28.15,28.5,0.35,454875,12985488,468,15.08,,,128112,0,0,128112,301,56,0
2026-10-08,2108,南帝,TWSE,29.75,31.1,29.7,30.2,0.45,2262287,68835489,1987,16.97,,,812459,0,377,812836,2290,82,52
2026-10-08,2109,華豐,TWSE,14.25,14.35,14.2,14.3,-0.05,74089,1056921,64,10.36,,,2941,0,0,2941,836,120,0
2026-10-08,2114,鑫永銓,TWSE,89.7,90.1,89.7,90.1,0.1,21212,1906604,27,14.37,,,-3000,0,0,-3000,18,2,0
2026-10-08,2115,六暉-KY,TWSE,24.85,24.9,24.75,24.9,0.05,38011,943062,77,15.76,,,4000,0,0,4000,420,-16,3
2026-10-08,2201,裕隆,TWSE,28.9,29,28.6,28.9,0,1363394,39284241,1023,32.47,,,144457,32000,-11973,164484,11240,-87,7
2026-10-08,2204,中華,TWSE,51.6,51.8,51.5,51.6,0,389568,20104731,510,8.4,,,79934,-5794,273,74413,1276,-3,0
2026-10-08,2206,三陽工業,TWSE,63.1,63.7,63,63.6,0.5,481534,30556276,424,10.65,,,362292,5000,0,367292,2697,-7,1
2026-10-08,2207,和泰車,TWSE,519,525,517,518,-8,229795,119702807,435,12.74,,,-12443,3000,-527,-9970,41,-1,0
2026-10-08,2208,台船,TWSE,18.5,18.6,18.4,18.55,0.05,1112303,20591800,755,37.86,,,-90858,0,-4000,-94858,0,0,0
2026-10-08,2211,長榮鋼,TWSE,79.4,79.9,79.3,79.7,-0.1,312948,24928822,336,10.8,,,-78000,1000,-495,-77495,610,-2,17
2026-10-08,2227,裕日車,TWSE,44.05,44.4,44.05,44.4,0,15165,670250,59,,,,1733,0,0,1733,,,
2026-10-08,2228,劍麟,TWSE,74.9,74.9,74,74,0.1,48439,3593623,53,18.23,,,15038,0,0,15038,1456,3,0
2026-10-08,2231,為升,TWSE,91.9,91.9,90.8,91.3,0.3,106345,9681594,134,,,,49917,0,-392,49525,2609,0,106
2026-10-08,2233,宇隆,TWSE,167,167,164,164,-4,278406,45954910,497,24.15,,,-143000,0,6941,-136059,2764,-41,3
2026-10-08,2236,百達-KY,TWSE,84.3,84.3,80.6,81.6,-2.7,1266621,104570032,900,,,,-319000,0,15163,-303837,12782,-78,2
2026-10-08,2237,華德動能-創,TWSE,26.55,26.55,25.1,25.1,-1.55,287687,7438505,224,8.15,,,-104000,0,0,-104000,,,
2026-10-08,2239,英利-KY,TWSE,18,18.2,17.65,17.8,-0.35,173414,3095705,98,,,,-31000,0,0,-31000,1532,-29,0
2026-10-08,2241,艾姆勒,TWSE,53.4,57.2,50.4,50.5,-1.5,24358166,1339684463,11633,,,,3098189,0,34949,3133138,9940,382,126
2026-10-08,2243,宏旭-KY,TWSE,60.1,61.1,57.7,59.3,-0.4,410316,24436680,718,56.48,,,-84376,-3000,0,-87376,1785,21,7
2026-10-08,2247,汎德永業,TWSE,224.5,231,224.5,226,0,83255,18900828,109,16.31,,,15001,-486,-1000,13515,102,0,1
2026-10-08,2248,華勝-KY,TWSE,60.3,60.3,60.3,60.3,-0.7,1552,94522,7,8.34,,,,,,,521,0,0
2026-10-08,2250,IKKA-KY,TWSE,55,55,54.7,54.8,-0.1,22070,1210762,47,21,,,0,0,0,0,980,-9,0
2026-10-08,2254,巨鎧精密-創,TWSE,93.4,94.4,91.4,92.3,0.9,4072745,379984613,1476,,,,-678473,0,2811,-675662,2708,242,66
2026-10-08,2258,鴻華先進-創,TWSE,31,31.1,30.5,30.55,-0.35,295158,9076578,195,,,,-61000,0,25227,-35773,,,
2026-10-08,2301,光寶科,TWSE,299,301,292,297.5,-2.5,13602817,4046084253,14779,34.8,,,-2343867,7383,117301,-2219183,17984,-121,132
2026-10-08,2302,麗正,TWSE,47.9,50.5,47.9,50.1,1.8,8075515,401080136,7459,46.82,,,1038544,-4000,15967,1050511,4661,-252,285
2026-10-08,2303,聯電,TWSE,147.5,149.5,147,147.5,-1,83054214,12302705841,59777,22.18,,,-19791060,1605722,-1526596,-19711934,180859,1748,4675
2026-10-08,2305,全友,TWSE,62.3,64.7,62.2,64.7,5.8,10587437,679796003,4665,78.9,,,3697975,-5000,41283,3734258,6680,-559,1311
2026-10-08,2308,台達電,TWSE,1980,1990,1950,1965,-25,5522606,10880836400,27538,62.54,,,-1168055,358106,4369,-805580,9730,-99,109
2026-10-08,2312,金寶,TWSE,30.85,31,30.6,30.65,-0.4,4780638,146870378,2637,25.76,,,-1721338,25000,-180313,-1876651,45095,-241,197
2026-10-08,2313,華通,TWSE,244,251,242.5,248,2,23659309,5883729448,28934,39.94,,,4035870,708000,276185,5020055,36125,2072,568
2026-10-08,2314,台揚,TWSE,10.9,10.9,10.8,10.9,0.05,82527,896818,77,,,,,,,,0,0,0
2026-10-08,2316,楠梓電,TWSE,179,179,170,171,-8,3078991,531018837,5271,11.95,,,-261684,-7000,-127694,-396378,4882,211,84
2026-10-08,2317,鴻海,TWSE,251,251,249,249,-3,40251153,10059109830,49163,16.41,,,-25605124,147147,-69905,-25527882,61103,-1108,395
2026-10-08,2321,東訊,TWSE,25.6,25.6,25.6,25.6,0,3237,82436,19,640,,,,,,,0,0,0
2026-10-08,2324,仁寶,TWSE,35.75,35.75,35.4,35.5,-0.6,22142016,787031610,12284,17.84,,,-9661246,10000,62648,-9588598,57449,-147,658
2026-10-08,2327,國巨*,TWSE,640,647,619,635,-12,47359893,29961504388,92219,42.76,,,-5756800,-1038577,-282248,-7077625,54899,1185,926
2026-10-08,2328,廣宇,TWSE,48,48.25,47.8,48.05,-0.15,878176,42145874,940,111.74,,,269066,0,39048,308114,16655,-57,100
2026-10-08,2329,華泰,TWSE,44.8,45.15,43.55,44.5,-0.9,4606023,202961550,3474,19.87,,,-1376396,0,-40886,-1417282,13804,-85,246
2026-10-08,2330,台積電,TWSE,2550,2575,2550,2550,-35,23145193,59167379273,141976,29.56,,,-12302987,792863,509848,-11000276,30278,-222,50
2026-10-08,2331,精英,TWSE,19,19,18.8,18.8,-0.2,608687,11499955,422,18.61,,,-124630,0,-36938,-161568,9895,-32,41
2026-10-08,2332,友訊,TWSE,21.1,21.3,20.7,20.8,-0.3,14883125,312234694,6373,,,,-5511381,0,-128000,-5639381,29271,-55,228
2026-10-08,2337,旺宏,TWSE,119.5,121.5,116,116,-2,37118275,4367577347,24973,27.49,,,-15690993,17000,-103736,-15777729,85747,151,1474
2026-10-08,2338,光罩,TWSE,47.4,48.75,47.1,47.1,-0.7,3311653,158018427,2706,,,,-207852,0,-12641,-220493,6994,14,205
2026-10-08,2340,台亞,TWSE,48.5,52.9,47.8,52.9,4.75,65067891,3359193229,31195,,,,5006879,0,247980,5254859,13051,844,869
2026-10-08,2342,茂矽,TWSE,49.9,50.5,48.85,49.15,-0.95,3147398,155666216,2487,,,,-37386,0,-5677,-43063,5544,-197,283
2026-10-08,2344,華邦電,TWSE,181,182,177,177,-2.5,70323153,12582979722,49151,19.51,,,-14220689,-250134,-119554,-14590377,111344,-2203,3735
2026-10-08,2345,智邦,TWSE,1990,2100,1970,2070,55,4468860,9190733430,13743,32.52,,,141320,455918,78546,675784,4585,-175,9
2026-10-08,2347,聯強,TWSE,96,97.8,96,96.4,-0.4,1894748,183229391,2348,13.19,,,508992,-182000,149027,476019,574,-13,9
2026-10-08,2348,海悅,TWSE,70.8,71.3,70.7,71.3,0.7,224125,15901780,426,17.02,,,56277,0,0,56277,1928,-8,9
2026-10-08,2348A,海悅甲特,TWSE,37.9,37.9,37.8,37.8,-0.2,108000,4089800,29,,,,,,,,,,
2026-10-08,2349,錸德,TWSE,10.3,10.4,10.25,10.35,0.05,1015415,10465283,403,,,,-16382,0,0,-16382,0,0,0
2026-10-08,2351,順德,TWSE,217,221.5,216,216,-2,2299445,501560926,4366,55.24,,,-177501,6000,-41411,-212912,14000,117,473
2026-10-08,2352,佳世達,TWSE,29,29,28.5,28.55,-0.35,4105923,117759343,3739,37.08,,,-2143650,-8000,24272,-2127378,14819,-264,7
2026-10-08,2353,宏碁,TWSE,31.2,31.55,31.05,31.3,0,7952664,249467287,3677,18.63,,,1709262,-12000,94046,1791308,34274,-289,1123
2026-10-08,2354,鴻準,TWSE,62.1,62.6,61.7,62,-0.1,5400700,335555592,3786,26.27,,,-1282549,5000,-92784,-1370333,23231,-240,101
2026-10-08,2355,敬鵬,TWSE,44.65,45.4,44.5,45.2,0.6,4146745,186773682,3650,23.79,,,340124,0,-13944,326180,9496,-131,55
2026-10-08,2356,英業達,TWSE,57.9,58.1,57.5,57.5,-0.6,10790156,621907134,8547,18.55,,,-2736928,51000,207725,-2478203,29480,138,74
2026-10-08,2357,華碩,TWSE,989,1005,987,996,7,1843783,1839305396,5044,14.56,,,570408,-94247,89766,565927,1621,147,111
2026-10-08,2359,所羅門,TWSE,127.5,130,125,127,-0.5,1582863,200837337,1875,18.93,,,-205279,0,-15311,-220590,6505,-94,260
2026-10-08,2360,致茂,TWSE,2365,2390,2315,2330,-70,1763765,4140323265,6835,59.44,,,-51489,22865,-22290,-50914,1495,-199,18
2026-10-08,2362,藍天,TWSE,46.35,46.85,46.35,46.75,0.05,397329,18519403,293,7.69,,,141000,0,4000,145000,2968,3,3
2026-10-08,2363,矽統,TWSE,59,59.5,56.8,57.8,-2.9,11131063,642336827,8098,107.04,,,-2669760,0,-1142397,-3812157,18085,-54,110
2026-10-08,2364,倫飛,TWSE,64.2,64.5,63.4,64.4,-0.2,125075,8018061,163,10.88,,,-19989,0,1000,-18989,878,-9,6
2026-10-08,2365,昆盈,TWSE,27.7,27.7,27.25,27.5,-0.35,719503,19755951,882,50,,,-193142,0,-1080,-194222,8048,-79,24
2026-10-08,2367,燿華,TWSE,47,47.2,45.9,45.9,-1.3,7223077,334266246,5927,,,,-120803,0,-213844,-334647,26895,-12,579
2026-10-08,2368,金像電,TWSE,1245,1290,1210,1285,40,9733403,12284938155,19670,46.12,,,-285233,1454273,60987,1230027,13220,616,123
2026-10-08,2369,菱生,TWSE,32.6,32.7,31.65,32,-0.7,4645610,148740791,3543,,,,-1587576,0,-128817,-1716393,14596,384,103
2026-10-08,2371,大同,TWSE,30.4,30.55,30.15,30.4,-0.2,6095902,184837694,3809,,,,-320357,-10000,-75279,-405636,43484,-1297,1500
2026-10-08,2373,震旦行,TWSE,52.5,52.5,52.2,52.4,-0.1,13499,707480,74,14.01,,,-4000,0,0,-4000,46,0,0
2026-10-08,2374,佳能,TWSE,66.6,66.7,66.1,66.2,-0.4,856173,56736751,1307,20.43,,,-103682,0,270,-103412,15224,-1,20
2026-10-08,2375,凱美,TWSE,129,134,125,130.5,1,5700699,744695016,5845,31.37,,,-67108,-4000,42461,-28647,7253,780,184
2026-10-08,2376,技嘉,TWSE,362,365,360,363,-2.5,3869304,1403703235,5160,13.59,,,-1493336,98000,75332,-1320004,7079,304,1021
2026-10-08,2377,微星,TWSE,155.5,157,153.5,154.5,-1.5,3266008,507110801,3631,13.4,,,674547,-497000,67518,245065,11580,-82,87
2026-10-08,2379,瑞昱,TWSE,736,750,736,749,8,1176621,877729466,2246,27.16,,,95044,127000,45520,267564,2647,50,26
2026-10-08,2380,虹光,TWSE,15.8,15.85,15.6,15.85,0.05,175232,2755791,847,,,,-4000,0,0,-4000,0,0,0
2026-10-08,2382,廣達,TWSE,328,328.5,321,325.5,-9.5,17570025,5710833752,23890,14.18,,,-7936176,705131,-42477,-7273522,17283,280,37
2026-10-08,2383,台光電,TWSE,5910,6065,5745,6000,50,1859243,11028217915,18888,93.82,,,-16830,59503,-9680,32993,2414,-71,9
2026-10-08,2385,群光,TWSE,104,106,104,104,-1,1970840,206275096,1846,11.67,,,4597,-52000,52982,5579,2824,49,4
2026-10-08,2387,精元,TWSE,36.1,36.25,36.05,36.15,0.05,112207,4052682,128,12.13,,,20050,-3894,-5000,11156,1121,0,0
2026-10-08,2388,威盛,TWSE,71.5,71.8,70.4,70.9,-0.6,1175217,83187896,1686,44.31,,,-357813,0,5842,-351971,10251,129,72
2026-10-08,2390,云辰,TWSE,10.05,10.25,10.05,10.15,0.1,273942,2781812,197,,,,107000,0,0,107000,2148,-65,5
2026-10-08,2392,正崴,TWSE,40.55,40.7,40.15,40.2,-0.55,1774063,71601782,1393,5.18,,,-579000,0,-22797,-601797,3468,-47,42
2026-10-08,2393,億光,TWSE,67.9,68.5,67.5,67.8,-0.2,1868693,127131664,2100,14.46,,,1055091,-93515,-92168,869408,2159,14,5
2026-10-08,2395,研華,TWSE,725,729,714,727,-6,1858129,1343302668,3346,46.04,,,164376,-23569,-7039,133768,1448,-3,45
2026-10-08,2397,友通,TWSE,63.4,65.5,63.1,65.1,1.7,344504,22261177,280,23.85,,,53218,0,1000,54218,1500,-16,0
2026-10-08,2399,映泰,TWSE,49.55,50,48.95,49.2,-0.75,2526380,124279132,1925,12.39,,,-640518,0,-7472,-647990,12100,226,427
2026-10-08,2401,凌陽,TWSE,26.25,26.5,25.9,26,-0.45,1959236,51170171,1367,260,,,-266850,0,33156,-233694,8176,5,86
2026-10-08,2402,毅嘉,TWSE,61.6,62.2,60.8,61,-0.9,2515996,154394162,2631,36.53,,,-63205,0,-140239,-203444,13482,795,128
2026-10-08,2404,漢唐,TWSE,1315,1315,1285,1305,-25,1100607,1429550255,3930,19.68,,,-48006,126000,-29848,48146,1875,-25,28
2026-10-08,2405,輔信,TWSE,15.05,15.15,15,15.05,-0.05,533878,8046702,343,,,,-19001,0,0,-19001,7319,46,28
2026-10-08,2406,國碩,TWSE,30.6,30.75,30.05,30.05,-0.85,3079368,93324771,2126,166.94,,,240000,-15000,-6000,219000,13173,-154,233
2026-10-08,2408,南亞科,TWSE,522,537,522,532,18,64506140,34277400374,67169,20.64,,,21773270,192527,220379,22186176,58597,-1827,1956
2026-10-08,2409,友達,TWSE,37.4,37.75,36.5,36.6,-1.35,275388154,10175871322,121888,152.5,,,-59450941,-3000,-8494914,-67948855,312581,14577,15598
2026-10-08,2412,中華電,TWSE,145,146.5,145,146.5,1,9157281,1338632400,6496,28.78,,,2791917,399601,-379000,2812518,266,-1463,27
2026-10-08,2413,環科,TWSE,56.5,58.4,56,57.2,-0.9,3876566,220144787,3755,15.25,,,-438077,0,-1054,-439131,6110,-284,374
2026-10-08,2414,精技,TWSE,54.2,54.2,53.9,53.9,-0.1,77277,4175149,135,13.11,,,15161,-5000,1000,11161,255,17,0
2026-10-08,2415,錩新,TWSE,29.2,29.2,28.3,28.6,-0.6,441334,12641341,452,18.22,,,-15648,-4000,-824,-20472,2446,-156,0
2026-10-08,2417,圓剛,TWSE,38.1,38.1,37.5,37.5,-0.4,347505,13072204,354,26.98,,,-145000,0,0,-145000,2957,-92,4
2026-10-08,2419,仲琦,TWSE,27.4,27.4,27,27,-0.3,625645,16954782,419,675,,,-44314,0,-1366,-45680,5950,0,2
2026-10-08,2420,新巨,TWSE,56.3,57,56.2,56.6,0,200301,11309747,379,12.66,,,-31890,0,2000,-29890,745,-19,0
2026-10-08,2421,建準,TWSE,171,172,167,168,-3.5,1778851,299997611,7747,18.06,,,322470,11000,-97330,236140,4614,-17,30
2026-10-08,2423,固緯,TWSE,70.5,71.4,70.5,70.8,-0.7,65121,4613121,59,16.78,,,-21000,0,1000,-20000,328,4,1
2026-10-08,2424,隴華,TWSE,9.68,9.79,9.41,9.79,0.89,90511,874122,67,,,,-6000,0,0,-6000,0,0,0
2026-10-08,2425,承啟,TWSE,36.75,36.75,35.75,35.75,-0.85,543343,19636459,457,20.08,,,51000,-4000,1000,48000,5726,23,4
2026-10-08,2426,鼎元,TWSE,102.5,103.5,100,103,-1,14116528,1433250497,9742,1030,,,-27689,0,-10676,-38365,26806,-1681,1518
2026-10-08,2427,三商電,TWSE,22.95,23.05,22.85,22.9,-0.05,236919,5436969,288,16.13,,,60756,0,1000,61756,5403,-65,19
2026-10-08,2428,興勤,TWSE,272,286,267,282,15,3595495,997093309,7246,20.04,,,39918,-1000,142034,180952,2842,41,7
2026-10-08,2429,銘旺科,TWSE,30.3,30.3,29.6,30,-0.1,295187,8814041,270,,,,-68000,0,0,-68000,156,0,0
2026-10-08,2430,燦坤,TWSE,17.6,17.6,17.3,17.4,-0.2,40348,702609,61,35.51,,,3000,0,0,3000,61,0,1
2026-10-08,2431,聯昌,TWSE,10,10.05,9.98,10.05,-0.1,92989,932037,75,,,,21000,0,0,21000,1139,-2,0
2026-10-08,2432,倚天酷碁-創,TWSE,28.4,29,28.4,28.8,0.5,109044,3128324,78,13.09,,,-3000,0,-6034,-9034,317,7,0
2026-10-08,2433,互盛電,TWSE,39.5,39.55,39.25,39.4,-0.1,57799,2277273,74,13.09,,,-3000,0,0,-3000,23,0,0
2026-10-08,2434,統懋,TWSE,60.5,60.5,58.9,59,-1.5,154832,9169716,200,,,,-11000,0,0,-11000,754,5,7
2026-10-08,2436,偉詮電,TWSE,72.4,72.4,71.2,71.2,-1.2,2437971,174518012,2374,13.09,,,-176541,0,-104596,-281137,8190,-178,96
2026-10-08,2438,翔耀,TWSE,19.15,19.35,19.1,19.3,0,39221,753776,40,,,,-8000,0,5000,-3000,0,0,0
2026-10-08,2439,美律,TWSE,79,81.1,78.4,80.6,1.9,4244452,339561685,3442,14.71,,,1537956,-2000,198981,1734937,4381,56,8
2026-10-08,2440,太空梭,TWSE,14.1,14.15,13.95,14.15,0,137843,1938834,83,101.07,,,-8000,0,0,-8000,1600,-1,4
2026-10-08,2441,超豐,TWSE,125.5,128.5,123.5,127,0,4126182,518689150,3338,23.52,,,-317788,235000,-4089,-86877,6289,-178,10
2026-10-08,2442,新美齊,TWSE,13.9,14.05,13.9,14,0,939219,13142099,886,2.76,,,51599,0,0,51599,4065,-38,65
2026-10-08,2444,兆勁,TWSE,15.6,15.75,15,15.5,-0.25,1403206,21565527,765,,,,178026,0,1000,179026,0,0,0
2026-10-08,2449,京元電子,TWSE,295.5,310,284,304.5,5,52163924,15426131196,56859,39.91,,,-2405213,-8530419,357888,-10577744,26850,-85,229
2026-10-08,2450,神腦,TWSE,28.1,28.15,27.95,28.1,-0.05,133273,3737707,140,17.35,,,-2000,0,0,-2000,55,-1,0
2026-10-08,2451,創見,TWSE,286,290.5,283,284.5,-2.5,2753726,786736459,5000,4.95,,,-236810,139000,2875,-94935,5406,-169,106
2026-10-08,2453,凌群,TWSE,53.3,53.3,53,53.1,-0.2,133587,7094862,150,16.8,,,48000,0,0,48000,2211,6,0
2026-10-08,2454,聯發科,TWSE,4800,4850,4690,4690,-145,8868204,42126446872,197962,77.46,,,-3021521,-157018,-88504,-3267043,11177,4,40
2026-10-08,2455,全新,TWSE,555,571,546,558,-1,6225339,3485331887,8509,136.76,,,1468597,-563000,-129196,776401,10087,263,380
2026-10-08,2457,飛宏,TWSE,22,22,21.7,21.75,-0.25,724313,15791340,546,,,,-189000,0,-2000,-191000,12440,31,37
2026-10-08,2458,義隆,TWSE,133,135,131.5,132,-2,1199825,158958253,1296,12.27,,,-354950,99000,-20884,-276834,4160,-72,68
2026-10-08,2459,敦吉,TWSE,64.9,65.1,64.8,65,0,37570,2438293,46,11.63,,,-10000,0,0,-10000,112,5,0
2026-10-08,2460,建通,TWSE,30.4,30.5,30,30.4,-0.05,150845,4570299,179,,,,-2688,0,0,-2688,166,0,0
2026-10-08,2461,光群雷,TWSE,17.2,17.2,16.85,17,-0.05,592551,10055565,192,38.64,,,129879,0,2000,131879,7239,13,1
2026-10-08,2462,良得電,TWSE,20.2,20.2,19.9,20,-0.05,95716,1914382,125,32.79,,,-17000,0,0,-17000,2425,-24,1
2026-10-08,2464,盟立,TWSE,190,190.5,185.5,187,-6,6100079,1140822376,8542,492.11,,,-2033316,24000,-149450,-2158766,19209,-395,365
2026-10-08,2465,麗臺,TWSE,88.4,88.4,85.4,85.7,-3.3,2324584,200887327,2399,31.62,,,-895226,0,200,-895026,5244,6,10
2026-10-08,2466,冠西電,TWSE,180.5,198.5,180,198.5,18,1622066,307969885,2322,126.43,,,-9450,-6000,3000,-12450,6494,98,628
2026-10-08,2467,志聖,TWSE,567,567,547,552,-17,967006,533971711,3964,55.09,,,-448758,8000,-9785,-450543,1745,-3,20
2026-10-08,2468,華經,TWSE,41.85,42.85,40.5,40.65,-1.2,1543949,63927870,1479,29.89,,,-265890,0,0,-265890,3472,-105,196
2026-10-08,2471,資通,TWSE,51.5,51.5,51,51,-0.2,64233,3282069,194,10.54,,,213,0,0,213,1387,-4,2
2026-10-08,2472,立隆電,TWSE,241,246,232,243.5,0,6727054,1612488210,11872,24.8,,,-2020416,46000,-15139,-1989555,6011,43,18
2026-10-08,2474,可成,TWSE,198,198,195,195.5,-3.5,1923654,377554307,3170,13.01,,,-854970,1000,-63627,-917597,6024,98,1
2026-10-08,2476,鉅祥,TWSE,131.5,134.5,129,130.5,-1,2585178,339825578,2294,21.22,,,354540,0,14119,368659,41407,73,95
2026-10-08,2477,美隆電,TWSE,22.6,22.65,22.4,22.4,0.05,117304,2640545,197,25.45,,,6000,-1699,0,4301,1085,5,0
2026-10-08,2478,大毅,TWSE,133,136,129,134.5,0,6335417,843759742,5680,27.67,,,-478711,-6000,96396,-388315,9235,684,65
2026-10-08,2480,敦陽科,TWSE,166,167,165,165,-2.5,142698,23659110,293,18.84,,,44870,0,2792,47662,479,1,0
2026-10-08,2481,強茂,TWSE,175,176.5,172,172.5,-6,16653402,2885508489,19667,45.76,,,-5052788,-632000,-580424,-6265212,15448,-1216,888
2026-10-08,2482,連宇,TWSE,16.05,16.15,16.05,16.15,-0.1,64732,1041304,153,,,,8000,0,0,8000,1709,-11,0
2026-10-08,2483,百容,TWSE,39.45,39.55,38.25,38.3,-0.55,1215580,47205215,963,153.2,,,-24699,0,0,-24699,2260,82,47
2026-10-08,2484,希華,TWSE,86,92.2,83.5,90.6,3.5,40860865,3648124843,31511,65.18,,,1640759,-6000,464303,2099062,17961,1352,481
2026-10-08,2485,兆赫,TWSE,42.8,43,41.4,41.55,-2.15,11432071,479913318,8086,47.22,,,-2283587,0,-309130,-2592717,12718,222,282
2026-10-08,2486,一詮,TWSE,238,239.5,234.5,238.5,-1.5,2524750,598129239,5447,205.6,,,-164987,-12000,-8631,-185618,23332,-140,201
2026-10-08,2488,漢平,TWSE,49.95,49.95,49.6,49.8,0.1,69677,3465369,73,10.23,,,-6000,0,-2000,-8000,434,-4,0
2026-10-08,2489,瑞軒,TWSE,41.75,42.4,40.7,41,-0.4,24905528,1029648606,14106,29.5,,,-6712978,0,-298369,-7011347,36969,879,680
2026-10-08,2491,吉祥全,TWSE,39.7,39.75,38.75,38.85,-0.85,709697,27792896,573,1.21,,,-141000,-2000,-1000,-144000,1743,-34,27
2026-10-08,2492,華新科,TWSE,431,431.5,400,420,-8,64684125,26951257655,69604,47.19,,,-5355066,-16000,-1143792,-6514858,21193,-3340,1977
2026-10-08,2493,揚博,TWSE,213.5,222,209.5,216.5,2.5,2517707,545023881,4163,41.4,,,102608,-5000,75521,173129,10259,313,20
2026-10-08,2495,普安,TWSE,37.65,38.2,37.25,37.85,0.2,850574,32183514,611,18.65,,,67687,0,-187,67500,8154,18,8
2026-10-08,2496,卓越,TWSE,54.9,54.9,54.8,54.8,-0.1,3194,175130,17,9.1,,,,,,,31,0,0
2026-10-08,2497,怡利電,TWSE,44.6,44.9,44.15,44.15,-0.6,175029,7757381,229,13.84,,,-51505,0,0,-51505,1741,6,0
2026-10-08,2498,宏達電,TWSE,42.35,42.7,42,42,-0.3,3186155,134876863,2483,16.22,,,144050,-6000,-193364,-55314,30705,72,413
2026-10-08,2501,國建,TWSE,20.45,20.7,20.45,20.65,0.05,639895,13198722,421,7.2,,,-78995,0,250,-78745,4184,-67,16
2026-10-08,2504,國產,TWSE,31.25,32,31.15,31.95,0.4,3152204,100074045,1477,10.02,,,932449,-11238,419000,1340211,6369,-104,0
2026-10-08,2505,國揚,TWSE,16.95,17,16.9,17,0,169874,2875676,91,8.59,,,18000,0,0,18000,3626,-1,0
2026-10-08,2506,太設,TWSE,8.33,8.4,8.33,8.4,0.01,57863,483689,50,23.33,,,5000,0,0,5000,1788,0,0
2026-10-08,2509,全坤建,TWSE,13.55,13.65,13.4,13.4,-0.2,149778,2014599,143,,,,7000,0,0,7000,649,15,1
2026-10-08,2511,太子,TWSE,8.24,8.25,8.23,8.25,0,874836,7203475,218,23.57,,,-77000,0,-170000,-247000,2674,15,1
2026-10-08,2514,龍邦,TWSE,11.25,11.35,11.25,11.35,0.05,28293,319407,68,29.1,,,-4000,0,0,-4000,18173,2,0
2026-10-08,2515,中工,TWSE,12.1,12.1,11.85,11.95,-0.2,4896303,58443136,1748,24.9,,,-2400203,-17585,22000,-2395788,29686,-375,17
2026-10-08,2516,新建,TWSE,15,15.25,14.95,15.15,0.1,140125,2119750,99,10.1,,,16000,0,0,16000,0,0,0
2026-10-08,2520,冠德,TWSE,37,37.8,37,37.35,0.35,2106996,78858074,1079,11.12,,,965299,0,3107,968406,1925,-11,1
2026-10-08,2524,京城,TWSE,33.65,33.8,33.4,33.65,0,26655,893878,30,41.04,,,-3000,0,0,-3000,3137,3,0
2026-10-08,2527,宏璟,TWSE,50.6,51.6,50.2,51.1,0.4,654541,33304141,363,8.98,,,369990,0,4000,373990,5542,62,0
2026-10-08,2528,皇普,TWSE,18.7,18.75,18.6,18.6,-0.2,262823,4907932,192,7.56,,,-32849,-5130,-56000,-93979,5497,-3,0
2026-10-08,2530,華建,TWSE,20.05,20.15,19.95,20.05,0.05,391323,7847116,235,30.38,,,194000,-3154,0,190846,6678,9,0
2026-10-08,2534,宏盛,TWSE,16.6,16.75,16.55,16.65,0.05,137378,2287702,203,333,,,45000,0,0,45000,7498,1,0
2026-10-08,2535,達欣工,TWSE,90,91.5,89.9,91.4,1.4,379048,34387208,494,8.95,,,268411,0,772,269183,200,-8,3
2026-10-08,2536,宏普,TWSE,18.4,18.7,18.3,18.7,0.3,438812,8125239,223,4.51,,,17000,0,-2000,15000,2078,-93,0
2026-10-08,2537,聯上發,TWSE,11,11,10.9,10.95,-0.05,262737,2882715,122,27.38,,,24000,0,0,24000,3638,-2,2
2026-10-08,2538,基泰,TWSE,8.73,8.91,8.73,8.91,0.13,210241,1858917,142,14.85,,,55000,0,0,55000,2827,-36,1
2026-10-08,2539,櫻花建,TWSE,33.8,33.8,33.4,33.45,-0.35,387268,12979792,547,7.95,,,-4000,1000,0,-3000,1190,-8,0
2026-10-08,2540,愛山林,TWSE,49.5,49.6,48.95,49.5,0.75,538761,26591533,451,,,,414642,0,0,414642,2649,-74,13
2026-10-08,2542,興富發,TWSE,38.75,39.25,38.75,39.05,0.25,7886846,307953622,4272,9.04,,,3831323,-330000,-70096,3431227,4945,-432,7
2026-10-08,2543,皇昌,TWSE,39.15,40.2,38.6,39.6,0.45,1051667,41575728,963,13.7,,,342682,0,40000,382682,7769,-137,20
2026-10-08,2545,皇翔,TWSE,34,34.2,33.9,34.15,0.3,133586,4548046,123,35.95,,,43089,0,290,43379,2564,-4,3
2026-10-08,2546,根基,TWSE,108.5,108.5,107.5,107.5,-1,118056,12736814,226,7.19,,,-30798,0,0,-30798,207,5,0
2026-10-08,2547,日勝生,TWSE,9.72,9.81,9.71,9.74,0.06,901659,8806349,334,81.17,,,286577,-12530,1000,275047,8303,-45,0
2026-10-08,2548,華固,TWSE,91.2,92.2,91.2,91.8,0.6,413977,38016966,637,7.42,,,52978,1000,1373,55351,2335,19,27
2026-10-08,2597,潤弘,TWSE,165.5,165.5,163.5,164,-1.5,124692,20498782,239,14.07,,,-30962,2000,-2000,-30962,157,1,0
2026-10-08,2601,益航,TWSE,6.13,6.17,6.05,6.12,0.04,1977835,12096730,1296,,,,-325891,0,-60000,-385891,134,0,0
2026-10-08,2603,長榮,TWSE,232.5,236,231,232.5,0,6766137,1579309135,6272,9.22,,,-2052230,234792,309572,-1507866,10599,-268,324
2026-10-08,2605,新興,TWSE,36.6,36.9,36.25,36.7,0.1,5360639,196162160,3573,7.49,,,534950,0,106144,641094,14106,58,74
2026-10-08,2606,裕民,TWSE,74.3,75.5,74.3,74.9,0.4,1440457,108158319,1232,11.05,,,644937,13000,12723,670660,3817,-23,53
2026-10-08,2607,榮運,TWSE,55.6,56.5,55.1,56.5,0.8,521061,29218538,560,11.28,,,217466,0,0,217466,674,6,2
2026-10-08,2608,嘉里大榮,TWSE,28.6,28.65,28.5,28.6,0.05,352658,10065857,146,14.9,,,-168000,0,-66735,-234735,978,1,1
2026-10-08,2609,陽明,TWSE,59.3,60.4,58.8,59.7,0.6,18040282,1078398168,10640,13.45,,,5245184,-21000,544986,5769170,30352,-196,637
2026-10-08,2610,華航,TWSE,20.25,20.3,20.15,20.15,-0.2,8141157,164489971,4672,9.33,,,874317,-432000,-2633423,-2191106,39558,-169,230
2026-10-08,2611,志信,TWSE,15.05,15.25,15,15.2,0.15,316865,4792766,265,8.59,,,61577,0,0,61577,2652,-5,1
2026-10-08,2612,中航,TWSE,61.5,62.6,61.3,62.5,0.8,203233,12646615,205,12.14,,,94244,0,-1677,92567,1339,-39,5
2026-10-08,2613,中櫃,TWSE,21.9,22,21.7,22,0.05,284984,6230109,204,16.54,,,40943,0,0,40943,2339,-112,0
2026-10-08,2614,東森,TWSE,15.45,15.45,15.15,15.35,-0.1,1190055,18252353,1512,7.49,,,-556000,0,0,-556000,6769,93,392
2026-10-08,2615,萬海,TWSE,112,113,110,111.5,0,7883852,881692670,4479,7.66,,,611311,6000,31478,648789,14875,-135,1057
2026-10-08,2616,山隆,TWSE,13.15,13.15,13.1,13.15,0,117184,1537534,195,,,,-3000,0,9000,6000,384,0,0
2026-10-08,2617,台航,TWSE,31.8,32.25,31.7,32.05,-0.05,402746,12896892,363,8.62,,,96342,0,605,96947,2672,-3,10
2026-10-08,2618,長榮航,TWSE,41.95,41.95,41.4,41.4,-0.55,10803570,450131767,4984,8.72,,,-3100923,-330000,367428,-3063495,19365,-564,1056
2026-10-08,2630,亞航,TWSE,45.55,45.6,45.2,45.2,-0.35,485289,21967903,479,79.3,,,40000,0,-11087,28913,5316,-73,15
2026-10-08,2633,台灣高鐵,TWSE,25.6,25.75,25.6,25.7,-0.05,4258468,109268627,1598,21.07,,,633513,-2348000,0,-1714487,2184,-76,27
2026-10-08,2634,漢翔,TWSE,63.6,63.8,62.9,63.2,-0.4,3881289,245856631,3098,30.53,,,134601,-23000,97657,209258,23857,-57,286
2026-10-08,2636,台驊控股,TWSE,70.5,70.5,69.9,70.1,0,102995,7226129,151,9.96,,,7369,0,-68,7301,630,-66,0
2026-10-08,2637,慧洋-KY,TWSE,96.8,99.6,96.5,98.4,1.6,1706603,167952182,1970,10.95,,,465620,19000,10852,495472,2402,42,89
2026-10-08,2642,宅配通,TWSE,20.2,20.75,20.2,20.4,0.2,56294,1145100,67,,,,0,0,0,0,593,1,5
2026-10-08,2645,長榮航太,TWSE,174,174.5,171.5,171.5,-2,864228,148967326,1217,21.88,,,-299385,1000,19093,-279292,4468,-11,0
2026-10-08,2646,星宇航空,TWSE,20.1,20.1,20,20.1,0,2479976,49752689,1509,,,,511633,5000,-28000,488633,4160,3,20
2026-10-08,2701,萬企,TWSE,10.3,10.3,10.25,10.3,0,45250,464476,40,17.46,,,-8000,0,0,-8000,402,-2,0
2026-10-08,2702,華園,TWSE,12.1,12.15,12.1,12.1,0.05,52224,632782,57,14.94,,,-10000,0,0,-10000,310,1,0
2026-10-08,2704,國賓,TWSE,45.25,45.25,44.85,44.95,0.3,16099,725355,35,16.9,,,-3000,0,0,-3000,90,-10,0
2026-10-08,2705,六福,TWSE,15.1,15.1,15,15.05,-0.05,175799,2650546,115,20.34,,,-61000,0,0,-61000,491,5,0
2026-10-08,2706,第一店,TWSE,12.1,12.2,12.05,12.2,0.1,71301,863818,66,17.94,,,-7000,0,0,-7000,628,15,0
2026-10-08,2707,晶華,TWSE,175,176,175,176,1,119723,21024098,149,12.19,,,25030,0,0,25030,100,0,0
2026-10-08,2712,遠雄來,TWSE,13.2,13.3,13.2,13.3,0.1,18572,246158,17,,,,-1000,0,0,-1000,6,0,0
2026-10-08,2722,夏都,TWSE,21.7,21.7,21.35,21.5,0,12290,263646,22,,,,3000,0,0,3000,321,6,0
2026-10-08,2723,美食-KY,TWSE,79.8,80.4,79.5,79.8,-0.3,185438,14819975,245,,,,42230,0,0,42230,1663,0,3
2026-10-08,2727,王品,TWSE,233,237.5,233,237.5,4,461658,109023566,937,13.19,,,299443,0,-186,299257,253,-1,1
2026-10-08,2731,雄獅,TWSE,144.5,145.5,144,145,1,243410,35214774,293,8.92,,,138316,0,1000,139316,718,-8,6
2026-10-08,2739,寒舍,TWSE,36.4,36.4,36.05,36.05,-0.15,29704,1074872,32,8.95,,,-9000,0,0,-9000,911,3,0
2026-10-08,2748,雲品,TWSE,39.05,39.05,38.65,38.9,0.25,21393,831924,24,15.32,,,-4000,0,0,-4000,331,0,0
2026-10-08,2753,八方雲集,TWSE,184,185.5,183,185,1,154120,28453832,272,13.19,,,73223,-1003,-10,72210,259,0,2
2026-10-08,2762,世界健身-KY,TWSE,77.7,78.4,77.4,77.4,-0.3,60038,4657824,69,11.76,,,-11000,0,0,-11000,156,0,0
2026-10-08,2801,彰銀,TWSE,27.7,28.05,27.65,27.95,0.2,19003590,530847618,5510,16.44,,,4988658,1000,-30188,4959470,8100,-575,332
2026-10-08,2812,台中銀,TWSE,18.9,18.95,18.8,18.8,-0.05,3938707,74259749,2163,11.19,,,232000,0,0,232000,3956,-99,0
2026-10-08,2816,旺旺保,TWSE,40.55,40.85,40.35,40.8,0.3,230213,9356993,198,3.55,,,-19932,0,0,-19932,948,-41,5
2026-10-08,2820,華票,TWSE,16.85,16.95,16.85,16.85,0,928648,15708289,371,9.97,,,27888,0,0,27888,1047,92,1
2026-10-08,2832,台產,TWSE,56.9,56.9,56.6,56.8,-0.2,33157,1882062,91,9.45,,,-5650,-2187,0,-7837,692,-1,0
2026-10-08,2834,臺企銀,TWSE,17.55,17.6,17.4,17.45,-0.1,18055906,315530620,5075,12.83,,,-4690506,0,-2000,-4692506,31913,-3,69
2026-10-08,2836,高雄銀,TWSE,12.1,12.15,12.05,12.05,-0.05,1112997,13487122,379,15.86,,,-222594,0,0,-222594,6405,-22,5
2026-10-08,2836A,高雄銀甲特,TWSE,23.85,23.95,23.8,23.95,0.1,17000,405850,12,,,,,,,,,,
2026-10-08,2838,聯邦銀,TWSE,20.65,20.65,20.35,20.4,-0.1,859678,17579398,577,13.08,,,-75240,0,5706,-69534,2459,-1,3
2026-10-08,2838A,聯邦銀甲特,TWSE,52,52.1,52,52.1,0.1,19000,988100,9,,,,,,,,,,
2026-10-08,2845,遠東銀,TWSE,12.95,13.05,12.9,12.95,-0.05,2834741,36739003,1177,12.82,,,-631626,0,0,-631626,3790,-21,20
2026-10-08,2849,安泰銀,TWSE,15.5,15.55,15.3,15.35,0,39363,607079,40,15.82,,,-9000,0,0,-9000,625,1,0
2026-10-08,2850,新產,TWSE,163,165,162,164.5,1,181090,29676702,335,10.7,,,111248,0,0,111248,243,-2,0
2026-10-08,2851,中再保,TWSE,48,48.3,47.2,47.95,0.2,1780079,85105973,1820,4.54,,,723997,0,-8589,715408,5048,13,22
2026-10-08,2852,第一保,TWSE,27.65,27.75,27.6,27.75,0,171093,4745088,71,8.51,,,25270,0,0,25270,1520,0,0
2026-10-08,2855,統一證,TWSE,57.7,58.9,57,58.6,0.9,3552765,207015473,2871,6.09,,,1819776,41000,0,1860776,3155,-330,177
2026-10-08,2880,華南金,TWSE,46.6,47.15,45.8,45.8,-1.1,8913162,411717045,7960,19.83,,,-3423755,21595,1407719,-1994441,776,-82,72
2026-10-08,2881,富邦金,TWSE,154.5,155.5,152.5,153,-2.5,14629239,2240813454,7833,14.3,,,-4764493,2844942,130633,-1788918,4785,-33,343
2026-10-08,2881A,富邦特,TWSE,61.3,61.4,61.3,61.4,0,14161,868664,18,,,,,,,,,,
2026-10-08,2881B,富邦金乙特,TWSE,60.3,60.7,60.3,60.7,0,37567,2279484,19,,,,0,34000,0,34000,,,
2026-10-08,2881C,富邦金丙特,TWSE,51.6,51.7,51.6,51.6,-0.1,65979,3404611,32,,,,,,,,,,
2026-10-08,2882,國泰金,TWSE,113,113.5,110,110,-3,19899995,2209471538,8148,12.97,,,-9853855,2832503,292264,-6729088,4549,-371,1499
2026-10-08,2882A,國泰特,TWSE,60.1,60.3,60,60.2,0.1,92649,5573501,32,,,,0,39000,0,39000,,,
2026-10-08,2882B,國泰金乙特,TWSE,58.8,59.1,58.8,59.1,0.3,50993,3000477,37,,,,0,0,8000,8000,,,
2026-10-08,2883,凱基金,TWSE,38.5,38.65,37.4,37.55,-0.95,48071468,1813328425,18077,13.13,,,-13827675,3515226,1316836,-8995613,9494,-781,260
2026-10-08,2883B,凱基金乙特,TWSE,8.62,8.64,8.61,8.63,0.01,368938,3180823,152,,,,140000,0,5000,145000,,,
2026-10-08,2884,玉山金,TWSE,45.75,45.95,45,45,-0.75,15444625,697930243,20425,18.67,,,-4286527,756140,822474,-2707913,5928,-184,193
2026-10-08,2885,元大金,TWSE,69.7,70,68.3,68.3,-1.7,20844987,1433622228,18517,16,,,-5169552,1240795,537269,-3391488,913,-91,7
2026-10-08,2886,兆豐金,TWSE,49.75,50.1,49.25,49.3,-0.5,23894687,1182226743,11629,19.18,,,10105597,-5228334,1299004,6176267,2804,191,21
2026-10-08,2887,台新新光金,TWSE,41.95,42.5,40.95,41,-1.15,46651176,1925500426,21811,15.19,,,-21354754,8156407,1478964,-11719383,42320,212,1146
2026-10-08,2887E,台新新光戊特一,TWSE,48.35,48.35,48.2,48.25,-0.1,243432,11755523,157,,,,,,,,,,
2026-10-08,2887F,台新新光戊特二,TWSE,45.45,45.45,45.35,45.35,-0.1,26000,1180150,23,,,,,,,,,,
2026-10-08,2887G,台新新光庚特一,TWSE,44.05,44.1,44.05,44.1,0,17227,758909,14,,,,,,,,,,
2026-10-08,2887H,台新新光庚特二,TWSE,42.8,42.8,42.65,42.75,-0.05,179375,7654481,38,,,,22000,0,0,22000,,,
2026-10-08,2887I,台新新光辛特,TWSE,9.52,9.53,9.52,9.52,0,1803275,17167042,632,,,,-315800,0,0,-315800,,,
2026-10-08,2887Z1,台新新光己特,TWSE,21.75,22,21.75,22,0.2,87437,1907107,34,,,,7000,0,0,7000,,,
2026-10-08,2889,國票金,TWSE,16.35,16.55,16.35,16.5,0.2,5521450,90729759,2728,13.52,,,2321159,0,-1051,2320108,3189,62,52
2026-10-08,2890,永豐金,TWSE,45,45.25,44.05,44.05,-0.6,21027714,933506600,8719,16.62,,,-8799785,1125031,1073189,-6601565,7254,4677,62
2026-10-08,2891,中信金,TWSE,68.7,69.2,67.3,67.3,-1.4,24637558,1667135461,20429,16.1,,,-16934520,3186513,1308807,-12439200,3075,-39,66
2026-10-08,2891B,中信金乙特,TWSE,61.4,61.6,61.3,61.6,-0.1,15018,922103,11,,,,0,0,1000,1000,,,
2026-10-08,2891C,中信金丙特,TWSE,60.5,60.5,60.5,60.5,0,3078,186194,8,,,,,,,,,,
2026-10-08,2892,第一金,TWSE,38.8,39.25,38.6,38.65,-0.25,14704600,571042421,5532,18.06,,,85897,129893,-2159,213631,14917,109,121
2026-10-08,2897,王道銀行,TWSE,10.65,10.75,10.6,10.7,0.05,2355292,25185175,575,13.38,,,-830347,0,33534,-796813,1362,-33,0
2026-10-08,2897B,王道銀乙特,TWSE,11.8,11.85,11.8,11.85,0,7236,85434,5,,,,,,,,,,
2026-10-08,2901,欣欣,TWSE,25.2,25.25,25.1,25.1,0.2,39791,1002364,30,57.05,,,-1000,0,0,-1000,530,10,0
2026-10-08,2903,遠百,TWSE,22,22.15,22,22.15,0.2,1239860,27365407,903,14.87,,,349993,0,-30000,319993,1750,4,0
2026-10-08,2904,匯僑,TWSE,12.65,12.65,12.55,12.6,-0.05,31260,393173,31,24.23,,,-1000,0,0,-1000,7,0,0
2026-10-08,2905,三商,TWSE,17.65,17.75,17.6,17.65,-0.05,346574,6123862,190,6.51,,,-137404,0,1000,-136404,2829,-46,6
2026-10-08,2906,高林,TWSE,13.25,14.4,13.25,14.1,0.8,610377,8567313,348,16.99,,,1000,0,-2957,-1957,673,-8,0
2026-10-08,2908,特力,TWSE,22,22.05,21.9,22,-0.05,261587,5752994,71,17.89,,,-10000,0,0,-10000,14976,196,0
2026-10-08,2910,統領,TWSE,23.6,23.6,23.5,23.6,0.1,6015,141707,8,12.9,,,1000,0,0,1000,38,0,0
2026-10-08,2911,麗嬰房,TWSE,5.95,5.95,5.89,5.95,0.03,56793,335951,88,1.5,,,24000,0,0,24000,283,0,0
2026-10-08,2912,統一超,TWSE,212.5,213.5,211.5,213,-0.5,1914231,406750587,2346,19.19,,,726685,21000,2632,750317,995,-84,0
2026-10-08,2913,農林,TWSE,10.95,11,10.9,10.95,0.05,535963,5875280,284,,,,78753,0,0,78753,8440,24,1
2026-10-08,2915,潤泰全,TWSE,58.3,59.1,58.2,58.9,0.4,1388005,81513792,821,4.23,,,456098,0,1303,457401,9040,-86,14
2026-10-08,2923,鼎固-KY,TWSE,23.2,24.15,23.2,24,0.3,20967,501018,33,,,,12000,0,-8000,4000,,,
2026-10-08,2929,淘帝-KY,TWSE,5.82,5.82,5.72,5.76,0.03,65759,378747,56,,,,-8000,0,0,-8000,1991,0,0
2026-10-08,2939,永邑-KY,TWSE,24.3,24.3,23.5,23.6,-0.7,50001,1185973,46,,,,0,0,0,0,560,-4,1
2026-10-08,2945,三商家購,TWSE,39.25,39.4,39.25,39.4,-0.4,3602,141995,16,21.41,,,,,,,,,
2026-10-08,3002,歐格,TWSE,18.8,19.25,18.7,18.75,-0.15,135219,2551192,117,187.5,,,10000,0,0,10000,1834,7,30
2026-10-08,3003,健和興,TWSE,58.2,58.5,58,58,-0.5,204134,11881067,237,23.39,,,-79585,0,-7965,-87550,2401,-6,1
2026-10-08,3004,豐達科,TWSE,121,121,119.5,120.5,-0.5,112553,13544816,173,18.74,,,-6009,0,2507,-3502,1529,-196,2
2026-10-08,3005,神基,TWSE,118,118.5,117,118.5,0.5,1153504,136155139,991,14.07,,,197860,25227,-83775,139312,7468,20,13
2026-10-08,3006,晶豪科,TWSE,273,275.5,266,267,-3.5,6905752,1858904569,9007,8.42,,,-2411473,1000,-112697,-2523170,19969,119,374
2026-10-08,3008,大立光,TWSE,6805,6930,6600,6660,-185,1919149,12965064865,24331,35.42,,,-301067,23306,475,-277286,4804,66,50
2026-10-08,3010,華立,TWSE,132,133,131,132.5,0.5,535608,70818876,618,11.84,,,296406,-1000,1114,296520,1213,0,3
2026-10-08,3011,今皓,TWSE,10,10,9.85,9.87,-0.13,260277,2574816,225,,,,-82000,0,0,-82000,2491,-3,0
2026-10-08,3013,晟銘電,TWSE,95.3,98.8,94.7,97.9,1.6,6377587,619997080,6043,18.75,,,-1036201,1000,21182,-1014019,9255,72,65
2026-10-08,3014,聯陽,TWSE,147.5,147.5,145,145,-4,2401375,350595180,2552,14.65,,,-1051061,73114,-152141,-1130088,2879,242,102
2026-10-08,3015,全漢,TWSE,52.6,52.6,51.7,51.7,-0.9,352609,18332318,368,20.35,,,-55053,-58000,1521,-111532,2257,14,1
2026-10-08,3016,嘉晶,TWSE,193,194.5,178.5,183.5,-11.5,6352536,1168768462,8596,152.92,,,849900,0,-87422,762478,11685,149,2135
2026-10-08,3017,奇鋐,TWSE,3445,3515,3410,3440,-105,3162171,10927267600,16099,45.85,,,-422991,-182017,53912,-551096,3879,69,39
2026-10-08,3018,隆銘綠能,TWSE,11.15,11.5,10.95,11,-0.5,125096,1382959,198,,,,4000,0,0,4000,0,0,0
2026-10-08,3019,亞光,TWSE,138.5,139,137,137,-1,1612834,221939581,1696,23.1,,,41453,0,-151594,-110141,11747,-470,33
2026-10-08,3021,鴻名,TWSE,27.55,27.55,26.6,27.1,-0.85,677051,18360630,474,35.66,,,-77000,0,0,-77000,1160,243,3
2026-10-08,3022,威強電,TWSE,90.7,92,89.4,90.3,-0.4,745802,67275589,819,11.99,,,-195710,0,7533,-188177,5122,-151,22
2026-10-08,3023,信邦,TWSE,323,330,323,329,6,633236,207329111,2591,24.61,,,254546,19000,30448,303994,1076,7,10
2026-10-08,3024,憶聲,TWSE,13.8,14.15,13.65,13.95,0.15,817599,11410704,339,348.75,,,58783,0,0,58783,8704,-25,6
2026-10-08,3025,星通,TWSE,58.1,58.5,55.9,56.2,-2.3,620733,35236718,728,11.96,,,-115088,0,0,-115088,1790,-49,9
2026-10-08,3026,禾伸堂,TWSE,832,888,812,877,38,15755457,13589409279,23243,85.56,,,2745371,499000,1445,3245816,13268,14,408
2026-10-08,3027,盛達,TWSE,19.95,19.95,19.05,19.1,-0.65,278380,5367185,376,,,,-59505,0,0,-59505,4663,-34,1
2026-10-08,3028,增你強,TWSE,62.9,63.8,62.7,63.6,0.5,536355,34008745,578,8.86,,,89136,0,-21695,67441,2922,-59,333
2026-10-08,3029,零壹,TWSE,115,117,114.5,114.5,-1,750650,86551518,926,16.33,,,72826,0,32789,105615,3286,-43,12
2026-10-08,3030,德律,TWSE,311,316,307,313.5,0,2226309,693076048,6075,23.75,,,111578,1000,1082,113660,10751,76,72
2026-10-08,3031,佰鴻,TWSE,33,35,33,33.2,-0.3,5354509,182603061,3442,36.48,,,1080045,0,-3000,1077045,4225,-66,125
2026-10-08,3032,偉訓,TWSE,76.8,77.6,76.6,77,-0.2,184585,14232444,175,,,,-46950,0,-6004,-52954,7226,-23,3
2026-10-08,3033,威健,TWSE,41.6,41.9,41.55,41.55,-0.15,1689198,70395355,1158,9.13,,,-274511,0,-46275,-320786,8986,6,849
2026-10-08,3034,聯詠,TWSE,533,538,528,531,2,2274331,1209648790,2853,18.53,,,318001,168000,45053,531054,2423,40,86
2026-10-08,3035,智原,TWSE,210,210,201.5,202,-7,3361860,687228629,6061,79.53,,,-225985,0,-127022,-353007,8843,-158,379
2026-10-08,3036,文曄,TWSE,213.5,217,212,215.5,0,5320995,1146116687,5219,11.06,,,-1157315,351000,87563,-718752,15431,312,84
2026-10-08,3037,欣興,TWSE,1280,1295,1255,1270,-35,8778348,11141175755,22293,84.55,,,1828296,-849485,-42998,935813,32615,-116,584
2026-10-08,3038,全台,TWSE,20.5,20.5,20.3,20.4,-0.05,64467,1313721,86,13.51,,,-6000,0,0,-6000,1250,-4,0
2026-10-08,3040,遠見,TWSE,33,33,32.05,32.05,-0.95,557899,18123078,1684,,,,78200,0,0,78200,8019,-341,5
2026-10-08,3041,揚智,TWSE,24.05,24.05,23.55,23.85,-0.15,463783,11015995,399,,,,54320,0,0,54320,2955,-39,49
2026-10-08,3042,晶技,TWSE,207.5,215,203.5,211,0.5,12700456,2674343611,12733,36.44,,,1691288,381000,-462275,1610013,17513,-99,278
2026-10-08,3043,科風,TWSE,20.85,20.9,20.55,20.55,-0.3,44814,923432,60,,,,-7000,0,0,-7000,838,-2,0
2026-10-08,3044,健鼎,TWSE,571,594,568,582,0,1992606,1160103346,4725,24.94,,,10868,24000,25432,60300,5205,-13,47
2026-10-08,3045,台灣大,TWSE,122,124,122,124,1.5,5981974,737486244,2761,23.44,,,1532764,-61518,71996,1543242,296,-64,142
2026-10-08,3046,建碁,TWSE,52.7,53,52.2,52.3,-0.7,170768,8954326,170,10.78,,,-70000,0,-3000,-73000,1298,29,5
2026-10-08,3047,訊舟,TWSE,14.4,14.5,14.3,14.35,-0.15,323561,4657457,291,,,,56270,0,44,56314,6563,2,4
2026-10-08,3048,益登,TWSE,54.8,58.3,54.8,57,3.6,12195758,689497181,8487,12.1,,,-1845911,0,164321,-1681590,6469,-3,25
2026-10-08,3049,精金,TWSE,12.2,12.2,12,12,-0.2,2627719,31681096,1295,36.36,,,-778128,0,-8199,-786327,4987,3,35
2026-10-08,3050,鈺德,TWSE,11.6,11.7,11.55,11.6,0,305743,3538117,161,21.89,,,112000,0,0,112000,3044,-7,0
2026-10-08,3051,力特,TWSE,22.35,22.45,22.2,22.25,-0.2,339876,7582276,272,12.57,,,1209,0,0,1209,3856,-6,0
2026-10-08,3052,夆典,TWSE,10.45,10.5,10.45,10.45,-0.05,103204,1078817,86,9.33,,,26000,0,0,26000,1694,0,0
2026-10-08,3054,立萬利,TWSE,58.5,58.9,58.1,58.1,-0.8,43150,2517358,38,11.95,,,-5000,0,2000,-3000,872,-28,0
2026-10-08,3055,蔚華科,TWSE,223,223,219,223,0,382468,84561168,764,,,,26000,0,-17000,9000,9281,-228,660
2026-10-08,3056,富華新,TWSE,13.65,13.75,13.55,13.75,0.1,559732,7642485,329,,,,293263,0,0,293263,3452,-4,0
2026-10-08,3057,喬鼎,TWSE,15,15.6,14.95,15.6,0.6,86830,1321681,128,,,,9000,0,-2000,7000,0,0,0
2026-10-08,3058,立德,TWSE,8.2,8.42,8.2,8.32,0.12,581368,4853520,353,,,,63000,0,0,63000,0,0,0
2026-10-08,3059,華晶科,TWSE,38.5,38.5,38,38.1,-0.45,754979,28834593,724,30.24,,,-104000,0,-9723,-113723,10973,-207,10
2026-10-08,3060,銘異,TWSE,29.2,29.35,28.75,28.75,-0.4,585018,16907673,539,42.91,,,-82948,-6000,0,-88948,8404,32,19
2026-10-08,3062,建漢,TWSE,22.2,22.45,22.1,22.2,-0.15,955361,21223733,550,,,,125000,0,-75488,49512,12039,-13,94
2026-10-08,3090,日電貿,TWSE,174.5,176,169,174,0,4378156,756462238,6783,23.05,,,303142,-7000,-11001,285141,6854,477,61
2026-10-08,3092,鴻碩,TWSE,24.15,24.2,24.05,24.15,-0.4,74559,1799157,75,,,,-7100,0,0,-7100,3636,3,1
2026-10-08,3094,聯傑,TWSE,67.6,69.4,66.6,69.3,1.8,2340936,159523490,2707,111.77,,,209500,0,8000,217500,5747,-270,723
2026-10-08,3130,一零四,TWSE,208.5,208.5,207.5,207.5,0,15925,3306765,103,12.49,,,-3685,0,0,-3685,3,0,0
2026-10-08,3135,凌航,TWSE,157,159,157,157.5,0.5,370311,58425673,676,6.8,,,17061,0,1000,18061,3132,-26,99
2026-10-08,3138,耀登,TWSE,102,102,99.6,99.6,-2.4,255612,25655569,389,39.52,,,-35466,0,-1125,-36591,2382,-15,5
2026-10-08,3149,正達,TWSE,76.3,76.9,75,76.6,-0.5,5409258,410961138,4738,,,,-262201,0,3715,-258486,25134,-138,316
2026-10-08,3150,鈺寶-創,TWSE,15.1,15.6,15.1,15.6,0.55,32301,499315,23,,,,-8000,0,-2000,-10000,226,0,0
2026-10-08,3164,景岳,TWSE,16.7,16.95,16.6,16.95,0.25,54708,920386,57,21.19,,,15000,0,0,15000,303,1,0
2026-10-08,3167,大量,TWSE,1025,1055,990,1055,30,1101230,1123718779,3821,73.98,,,329844,0,2000,331844,8898,103,165
2026-10-08,3168,眾福科,TWSE,42.1,42.1,41.8,42.1,-0.1,5020,210542,6,14.57,,,0,0,0,0,27,0,0
2026-10-08,3189,景碩,TWSE,1080,1095,1040,1075,-25,7260373,7744808010,13995,199.44,,,232432,97000,-78269,251163,17200,-174,687
2026-10-08,3209,全科,TWSE,46.95,47.05,46.2,46.55,0.05,1058254,49264065,955,7.77,,,-231629,0,448,-231181,5456,96,0
2026-10-08,3229,晟鈦,TWSE,55.4,56.5,55.1,55.4,-0.3,613684,34173129,609,41.65,,,-100885,0,-1000,-101885,1047,-47,7
2026-10-08,3231,緯創,TWSE,184,190,182.5,188.5,3.5,45639422,8539073725,21928,14.97,,,15508764,872893,324326,16705983,53279,404,353
2026-10-08,3257,虹冠電,TWSE,49.2,49.45,48.9,49.25,-0.25,63030,3102295,145,19.47,,,-809,0,0,-809,2174,0,3
2026-10-08,3266,昇陽,TWSE,13.85,14,13.85,14,0,11552,161156,17,29.17,,,2000,0,0,2000,328,-1,0
2026-10-08,3296,勝德,TWSE,28.2,28.55,28,28.55,0.05,56987,1608088,54,,,,7000,0,-1000,6000,1678,1,2
2026-10-08,3305,昇貿,TWSE,110.5,111,109.5,110.5,0.5,816273,90078743,843,20.02,,,-1383,0,-5642,-7025,6809,-10,20
2026-10-08,3308,聯德,TWSE,22.75,22.75,21.75,22.25,-0.1,29699,654940,189,14.08,,,-2000,0,-1000,-3000,543,-3,0
2026-10-08,3311,閎暉,TWSE,47.5,49.95,45.6,46.9,-0.45,3851085,183877476,3218,25.91,,,-514724,0,-42000,-556724,3584,0,38
2026-10-08,3312,弘憶股,TWSE,51.5,51.6,50.8,50.9,-0.6,380296,19424297,491,13.26,,,-3792,0,1000,-2792,5174,-29,6
2026-10-08,3321,同泰,TWSE,17.65,17.65,17.2,17.35,-0.3,120960,2094342,200,,,,-58000,0,-1000,-59000,0,0,0
2026-10-08,3338,泰碩,TWSE,70.4,70.4,67.8,68.5,-2,589245,40335250,775,58.55,,,-187982,0,340,-187642,3420,3,16
2026-10-08,3346,麗清,TWSE,22.5,22.5,22,22,-1.3,803921,17866749,607,,,,-307000,0,-2000,-309000,2758,8,30
2026-10-08,3356,奇偶,TWSE,67.5,67.5,66.6,66.7,-0.9,223140,14934907,1725,4.76,,,-99223,0,-1000,-100223,1298,-8,0
2026-10-08,3376,新日興,TWSE,168,171.5,166,169.5,0.5,1971837,333903547,2550,116.9,,,-324649,0,58514,-266135,12499,130,610
2026-10-08,3380,明泰,TWSE,30.5,30.8,30.25,30.3,-0.6,1573212,47889153,1190,216.43,,,-319441,3000,-9447,-325888,6305,26,8
2026-10-08,3406,玉晶光,TWSE,1070,1105,1060,1060,-25,3077733,3321766215,5091,28.68,,,-384724,276000,-13724,-122448,4561,263,208
2026-10-08,3413,京鼎,TWSE,288,291,285.5,289.5,1,467074,134818861,999,14.42,,,-65810,0,-42012,-107822,3407,4,1
2026-10-08,3416,融程電,TWSE,176,185,174.5,182,13,1929356,347961035,2502,21.14,,,652889,0,-111464,541425,799,10,39
2026-10-08,3419,譁裕,TWSE,11.9,12.25,11.9,11.95,0.05,73834,883195,59,,,,-7000,0,5000,-2000,2,0,0
2026-10-08,3432,台端,TWSE,14.75,14.75,14.5,14.5,-0.2,16100,236454,14,,,,-8000,0,0,-8000,0,0,0
2026-10-08,3437,榮創,TWSE,21.2,21.65,21.1,21.15,-0.15,432014,9196650,383,,,,-39998,0,4000,-35998,3194,-10,98
2026-10-08,3443,創意,TWSE,8550,8600,8325,8360,-100,1221589,10312660670,8155,214.3,,,-83434,111571,-19818,8319,4862,-44,179
2026-10-08,3447,展達,TWSE,28.1,30.25,27.6,30.25,2.75,675327,19987623,487,15.51,,,113000,0,0,113000,1690,-9,6
2026-10-08,3450,聯鈞,TWSE,528,533,518,522,-13,4811409,2521128787,8955,105.88,,,-1463026,1000,-24900,-1486926,16223,726,190
2026-10-08,3481,群創,TWSE,51.7,52.5,51,51,-1.5,79977662,4114524170,41346,65.38,,,-20581514,18000,-289365,-20852879,333416,3025,3633
2026-10-08,3494,誠研,TWSE,7.07,7.14,7.01,7.09,0.01,39805,280845,32,,,,-3000,0,0,-3000,0,0,0
2026-10-08,3501,維熹,TWSE,38,38.2,37.8,37.95,0.25,73636,2793746,75,21.94,,,-8000,0,0,-8000,1011,0,0
2026-10-08,3504,揚明光,TWSE,83.6,85.5,82.5,82.6,-1,782513,65180841,1289,,,,-19133,0,247,-18886,3594,-4,252
2026-10-08,3515,華擎,TWSE,220,220.5,218,218.5,-0.5,221639,48558553,282,14.12,,,86527,0,-50,86477,1626,-16,3
2026-10-08,3518,柏騰,TWSE,49.15,50,48.5,49.5,-0.8,1747751,86480221,1555,23.46,,,-13030,0,0,-13030,7471,-328,360
2026-10-08,3528,安馳,TWSE,86,86.5,85.3,86,0.6,243459,20910125,299,9.46,,,80975,0,0,80975,1554,-17,0
2026-10-08,3530,晶相光,TWSE,58.4,58.4,57.6,57.6,-1,108275,6260139,121,18.58,,,-22000,0,-3000,-25000,1366,-4,1
2026-10-08,3532,台勝科,TWSE,515,518,474,509,-4,12901050,6408558740,15381,391.54,,,-360028,3000,-8269,-365297,8836,-575,1256
2026-10-08,3533,嘉澤,TWSE,1820,1935,1820,1915,90,2318237,4413302845,7822,23.35,,,545398,36000,56929,638327,1695,-20,4
2026-10-08,3535,晶彩科,TWSE,91.5,94.4,91.2,92.5,0.6,801848,74655181,1011,53.47,,,18048,0,14446,32494,4196,9,87
2026-10-08,3543,州巧,TWSE,55,57.7,54.6,56.1,0.4,4636504,261428671,3345,,,,-224972,0,4000,-220972,5287,62,92
2026-10-08,3545,敦泰,TWSE,49.1,49.8,48.9,49,-0.5,625123,30669223,586,,,,-207000,0,-2700,-209700,4156,13,32
2026-10-08,3550,聯穎,TWSE,24.55,24.6,23.8,23.9,-0.65,1109730,26717245,832,199.17,,,203881,-4000,-380,199501,12793,-33,33
2026-10-08,3557,嘉威,TWSE,23.65,24,23.65,24,0.35,38660,921914,45,,,,-1000,0,0,-1000,384,-2,0
2026-10-08,3563,牧德,TWSE,733,742,728,730,-10,457739,335351876,1739,42.84,,,-89616,0,-3114,-92730,6787,-55,11
2026-10-08,3576,聯合再生,TWSE,18.35,18.5,18.15,18.15,-0.45,6024508,110431318,2815,33.61,,,-1750253,0,0,-1750253,0,0,0
2026-10-08,3583,辛耘,TWSE,738,745,730,736,-7,529456,389222668,2109,45.15,,,-13379,0,-44285,-57664,2071,-3,20
2026-10-08,3588,通嘉,TWSE,54.2,54.9,53.2,53.2,-2.4,513220,27600679,551,44.71,,,-120880,0,1336,-119544,1656,13,0
2026-10-08,3591,艾笛森,TWSE,26.4,29.25,26.4,29.1,2.3,2655399,75977830,2265,,,,496731,0,2000,498731,21779,15,47
2026-10-08,3592,瑞鼎,TWSE,236,236,233,235.5,-0.5,342873,80454430,580,13.83,,,-61855,38000,-1333,-25188,947,5,0
2026-10-08,3593,力銘,TWSE,10.4,11.6,10.4,11.6,0.85,2767,30638,23,,,,,,,,0,0,0
2026-10-08,3596,智易,TWSE,156.5,157.5,155.5,156.5,-0.5,712901,111677247,1056,12.04,,,-25712,0,20166,-5546,2077,29,3
2026-10-08,3605,宏致,TWSE,166,166,163,163,-4,3349021,549681404,11073,42.89,,,-405504,0,-3710,-409214,14729,-2067,2872
2026-10-08,3607,谷崧,TWSE,13.95,14,13.85,13.85,-0.15,54407,756701,65,29.47,,,-4000,0,0,-4000,2001,16,0
2026-10-08,3617,碩天,TWSE,241,243,240.5,241.5,-4,219126,52937707,293,11.57,,,-16976,0,3243,-13733,1530,-3,10
2026-10-08,3622,洋華,TWSE,46.7,47.7,46.15,46.2,-0.85,286945,13423641,319,9.06,,,-31000,0,-2114,-33114,1353,-41,0
2026-10-08,3645,達邁,TWSE,74.1,74.9,72.7,73,-1.3,1276805,93945770,1680,28.19,,,83032,0,-66610,16422,6138,-130,36
2026-10-08,3652,精聯,TWSE,35.45,35.45,34.7,35.25,0.1,55539,1950211,61,17.11,,,6000,0,0,6000,526,-5,0
2026-10-08,3653,健策,TWSE,6800,7245,6775,7165,360,1628778,11529121190,7513,161.7,,,247986,-52932,-49437,145617,2968,27,162
2026-10-08,3661,世芯-KY,TWSE,4165,4480,4155,4345,155,4922967,21330862680,30073,63.73,,,72713,773000,4086,849799,5667,-196,35
2026-10-08,3665,貿聯-KY,TWSE,2335,2400,2300,2360,45,3678479,8681463175,8173,43.33,,,985458,-1116066,54624,-75984,4433,36,24
2026-10-08,3669,圓展,TWSE,32.2,32.5,32.2,32.25,0.05,53640,1733563,55,10.93,,,-12000,0,0,-12000,928,15,0
2026-10-08,3673,TPK-KY,TWSE,75.6,76.3,74.4,74.4,-1.9,6386854,478670900,5000,16.24,,,345776,0,-215855,129921,17220,-116,339
2026-10-08,3679,新至陞,TWSE,107.5,108,107.5,108,0,16905,1822525,49,9.14,,,-752,-474,0,-1226,88,-1,0
2026-10-08,3686,達能,TWSE,15.85,15.85,15.45,15.5,-0.3,56538,878866,82,,,,-10000,0,0,-10000,0,0,0
2026-10-08,3694,海華,TWSE,51.7,51.8,50.8,51,-0.9,560707,28678330,453,12.91,,,-176000,0,-6000,-182000,7284,-189,14
2026-10-08,3701,大眾控,TWSE,61.5,63.2,60.6,63,1.9,2916380,180964021,2301,,,,-248625,0,149231,-99394,11364,472,563
2026-10-08,3702,大聯大,TWSE,118,120,116.5,117.5,-2.5,9697256,1142621381,4898,10.06,,,3300198,55000,684870,4040068,14138,-158,70
2026-10-08,3703,欣陸,TWSE,19.35,19.55,19.35,19.5,0.15,236677,4611685,202,9.9,,,77022,0,0,77022,1525,-15,0
2026-10-08,3704,合勤控,TWSE,39.65,39.65,39,39.1,-0.35,958411,37514571,841,11.71,,,-390143,0,1342,-388801,9061,38,8
2026-10-08,3705,永信,TWSE,57.8,60,57.8,59.1,1.7,944782,55490091,1663,17.54,,,160848,0,10000,170848,324,3,0
2026-10-08,3706,神達,TWSE,80.6,80.8,80,80.6,-0.3,4422501,356004555,5851,14.39,,,1484399,35000,-3133,1516266,26049,-397,188
2026-10-08,3708,上緯投控,TWSE,95.2,96.8,94.1,94.1,-2.1,375358,35592957,398,2.28,,,-204980,-1000,4000,-201980,3087,-11,3
2026-10-08,3711,日月光投控,TWSE,732,752,715,744,12,15989835,11716900652,25105,53.84,,,1049977,-233217,435106,1251866,8954,68,272
2026-10-08,3712,永崴投控,TWSE,20.3,20.35,20.1,20.2,-0.15,366814,7415962,414,,,,-192000,0,0,-192000,2265,-7,13
2026-10-08,3714,富采,TWSE,67,67.5,66.3,67,-0.4,4115502,274874395,3921,,,,-167130,2000,-11238,-176368,23150,-78,215
2026-10-08,3715,定穎投控,TWSE,136.5,140,133.5,137.5,-1.5,7402491,1010486755,7503,,,,-257513,0,-285443,-542956,26692,1365,346
2026-10-08,3716,中化控股,TWSE,33.85,34.3,33.7,34.15,0.5,308038,10493339,452,9.76,,,65606,0,0,65606,639,1,0
2026-10-08,3717,聯嘉投控,TWSE,27.45,29,27.2,27.75,0.3,10210938,287194641,5362,346.88,,,-75488,0,-16144,-91632,19689,-386,3255
2026-10-08,4104,佳醫,TWSE,72,72.2,71.8,72,0,80319,5777453,152,15.16,,,34000,0,0,34000,109,1,1
2026-10-08,4106,雃博,TWSE,24.25,24.6,24.15,24.4,0.15,143282,3493864,140,13.26,,,27000,0,0,27000,669,1,0
2026-10-08,4108,懷特,TWSE,11.3,11.75,11.3,11.55,0.2,422962,4867101,238,,,,-64000,0,-2000,-66000,0,0,0
2026-10-08,4119,旭富,TWSE,53.6,54.4,53.5,54.4,0.8,118464,6400201,167,108.8,,,18080,0,212,18292,502,1,0
2026-10-08,4133,亞諾法,TWSE,22.5,23.5,21.9,22.65,0.95,2091592,47539978,1652,30.61,,,-55000,0,0,-55000,1359,133,3
2026-10-08,4137,麗豐-KY,TWSE,76.4,77.3,76.4,77.2,0.8,113713,8757368,144,11.44,,,7000,-1015,0,5985,1153,11,11
2026-10-08,4142,國光生,TWSE,18.55,19.45,18.55,19.2,0.65,5514090,105138635,2959,,,,257130,0,-307,256823,6591,-9,15
2026-10-08,4148,全宇生技-KY,TWSE,32.1,32.3,31.75,31.95,-0.15,14124,452297,15,11.58,,,-3000,0,-2000,-5000,352,0,0
2026-10-08,4164,承業醫,TWSE,28.15,28.6,28,28,-0.2,268018,7561897,325,23.93,,,-21077,0,-15000,-36077,4976,-88,0
2026-10-08,4169,泰宗,TWSE,149.5,150,147.5,147.5,-4,94383,14024378,949,,,,-11160,0,0,-11160,,,
2026-10-08,4178,永笙-KY,TWSE,18.35,19.85,17.9,19.6,1.55,1436529,27718555,680,,,,264000,0,-3710,260290,,,
2026-10-08,4190,佐登-KY,TWSE,24.5,24.5,24.5,24.5,0,4898,120303,30,,,,0,0,0,0,263,0,0
2026-10-08,4195,基米-創,TWSE,15.85,16.65,15.8,16.3,0.45,107040,1723065,113,,,,-20000,0,668,-19332,,,
2026-10-08,4306,炎洲,TWSE,14.5,14.65,14.45,14.55,0.05,455159,6631163,360,15.99,,,56533,0,0,56533,3892,18,1
2026-10-08,4414,如興,TWSE,8.07,8.11,8.05,8.07,0,124616,1006588,66,53.8,,,14000,0,2000,16000,742,26,0
2026-10-08,4426,利勤,TWSE,7.59,7.6,7.54,7.6,-0.01,26574,201399,31,,,,5000,0,5000,10000,1047,14,0
2026-10-08,4438,廣越,TWSE,56.5,56.6,56.3,56.6,0.2,25863,1460515,37,8.31,,,3000,0,0,3000,569,0,0
2026-10-08,4439,冠星-KY,TWSE,96.5,96.8,94.8,96.8,0.8,18000,1722500,13,10.32,,,1000,0,0,1000,240,-4,0
2026-10-08,4440,宜新實業,TWSE,17.45,17.5,17.4,17.45,0,54471,950561,35,8.9,,,-16000,0,-11000,-27000,110,0,0
2026-10-08,4441,振大環球,TWSE,171,171.5,169.5,171.5,0.5,96143,16412316,115,9.5,,,13080,0,-4000,9080,232,1,0
2026-10-08,4526,東台,TWSE,33.35,33.35,33,33,-0.45,998203,32993014,818,,,,190126,0,-5724,184402,6678,-36,45
2026-10-08,4532,瑞智,TWSE,24.6,24.65,24.35,24.4,-0.2,542602,13264761,418,12.91,,,-309642,-5616,0,-315258,2594,-7,9
2026-10-08,4536,拓凱,TWSE,159,160,158,159,1,65967,10474268,89,12,,,-17001,0,-275,-17276,613,-8,0
2026-10-08,4540,全球傳動,TWSE,58.6,58.9,57.3,57.5,-1.4,1442056,83156804,1477,,,,-647000,0,-260,-647260,4135,-95,245
2026-10-08,4545,銘鈺,TWSE,38.35,38.8,37.7,38.35,-0.1,100208,3822391,103,44.59,,,1000,0,0,1000,1251,-22,8
2026-10-08,4551,智伸科,TWSE,185,188,182.5,184,-3,1706883,314803312,1949,19.31,,,-661724,-3000,-60639,-725363,6519,15,34
2026-10-08,4552,力達-KY,TWSE,15.3,15.35,15.15,15.35,-0.05,186928,2849309,116,13.46,,,-56000,0,0,-56000,2198,3,1
2026-10-08,4555,氣立,TWSE,42.25,42.35,41.85,41.85,-0.4,108640,4573860,166,41.44,,,2077,0,142,2219,2131,-4,18
2026-10-08,4557,永新-KY,TWSE,50.2,50.5,50.1,50.3,0.1,52175,2618127,97,,,,-1000,0,0,-1000,624,1,0
2026-10-08,4560,強信-KY,TWSE,30,30.1,29.8,30.1,0.05,189224,5663093,83,10.17,,,459,0,0,459,151,4,0
2026-10-08,4562,穎漢,TWSE,30.3,30.3,29.9,30,-0.2,68965,2069772,125,,,,23000,0,0,23000,1648,-7,31
2026-10-08,4564,元翎,TWSE,15.9,16,15.6,15.9,0.05,1269273,19974525,461,,,,303375,0,2000,305375,8130,-7,0
2026-10-08,4566,時碩工業,TWSE,76.5,77.7,74.5,76,-1.3,2059570,155823691,2301,30.16,,,-298316,0,50641,-247675,4277,-89,128
2026-10-08,4569,六方科-KY,TWSE,159,159.5,158,159.5,0,11245,1783513,27,17.78,,,-6000,0,0,-6000,688,-19,0
2026-10-08,4571,鈞興-KY,TWSE,153,153,151.5,151.5,-2,83578,12718200,137,16.93,,,-4784,0,-2076,-6860,978,-1,0
2026-10-08,4572,駐龍,TWSE,139,139,138.5,138.5,-0.5,2329,323230,12,37.64,,,1000,0,0,1000,246,2,1
2026-10-08,4576,大銀微系統,TWSE,232,232,226,228.5,-3.5,615355,140344273,1256,69.66,,,-22856,0,-14182,-37038,2569,7,25
2026-10-08,4581,光隆精密-KY,TWSE,,,,,,300,14639,2,11.81,,,,,,,16,-1,0
2026-10-08,4582,聚恆-創,TWSE,22.2,22.2,21.9,22,-0.1,27689,607910,33,9.61,,,0,0,2944,2944,,,
2026-10-08,4583,台灣精銳,TWSE,420,427.5,415.5,417,1,156361,65603493,351,30.96,,,20252,0,725,20977,2715,1,1
2026-10-08,4585,達明,TWSE,292,293,290,292,1.5,89050,25928341,259,105.04,,,6200,0,-760,5440,648,-3,54
2026-10-08,4588,玖鼎電力,TWSE,56.5,56.5,55.6,56.5,-0.1,27307,1531286,30,15.65,,,1000,0,5,1005,318,1,1
2026-10-08,4590,富田-創,TWSE,88.6,89.2,88.2,88.9,-0.5,82119,7267598,99,16.74,,,-15000,0,-168,-15168,349,21,0
2026-10-08,4720,德淵,TWSE,23.65,25.55,23.25,25.55,2.3,10555256,263971262,4886,45.62,,,1066741,0,174,1066915,3769,66,49
2026-10-08,4722,國精化,TWSE,222,223,213,215.5,-8.5,1753043,379798537,3452,78.94,,,-293088,0,-34461,-327549,10079,-3,113
2026-10-08,4736,泰博,TWSE,132.5,138,132,134.5,3,470708,63514773,848,4.93,,,-68619,0,0,-68619,224,14,0
2026-10-08,4737,華廣,TWSE,55.5,55.6,54.8,55,0,18015,992331,24,,,,4000,0,0,4000,2212,4,0
2026-10-08,4739,康普,TWSE,87.2,88.7,86.6,87.2,-0.2,967973,84713806,1213,16.9,,,-71849,0,-318,-72167,8523,208,129
2026-10-08,4746,台耀,TWSE,48,49.1,47.6,48.95,0.9,796418,38815747,730,12.36,,,426547,0,0,426547,2221,-3,1
2026-10-08,4755,三福化,TWSE,127.5,133,126.5,127,-0.5,754880,97224829,916,27.67,,,-181000,0,-17580,-198580,1290,30,5
2026-10-08,4763,材料*-KY,TWSE,46.55,47.65,46.55,46.65,0.3,5175182,243575083,3153,11.19,,,983828,53000,23142,1059970,40517,-138,40
2026-10-08,4764,雙鍵,TWSE,203.5,211.5,199,199,-7.5,1656408,337981044,4008,64.19,,,-498340,0,-21389,-519729,5251,349,54
2026-10-08,4766,南寶,TWSE,360,360,353.5,354.5,-5,109770,39038823,405,15.12,,,-14458,0,0,-14458,994,-4,1
2026-10-08,4770,上品,TWSE,276.5,288.5,271,282,14.5,1932651,539169546,2452,26.91,,,-194496,0,13494,-181002,1681,-28,9
2026-10-08,4771,望隼,TWSE,201,204.5,201,203,0,68758,13970915,97,13.38,,,-28000,0,243,-27757,758,11,0
2026-10-08,4807,日成-KY,TWSE,31.6,34.75,31.6,34.25,2.65,538643,17975954,533,13.7,,,144000,0,-673,143327,1347,-21,1
2026-10-08,4904,遠傳,TWSE,105,106.5,105,106,0,5949925,630572804,3843,25.79,,,-344004,809350,-12700,452646,449,-428,31
2026-10-08,4906,正文,TWSE,41.5,42.6,41.5,41.8,-0.4,5890437,247688828,3792,348.33,,,1259258,0,1754,1261012,38361,245,197
2026-10-08,4912,聯德控股-KY,TWSE,111,112.5,109,109.5,0,906641,100414712,1681,36.14,,,-216734,0,0,-216734,3306,-134,1
2026-10-08,4915,致伸,TWSE,63.5,63.8,63.2,63.3,0.4,2530183,160570641,1785,12.79,,,1378935,-1234000,6210,151145,6046,-24,7
2026-10-08,4916,事欣科,TWSE,101.5,103,101,102,-0.5,1647755,167979667,1830,15.62,,,-278389,0,838,-277551,8439,134,51
2026-10-08,4919,新唐,TWSE,157,162,152,155.5,-4,14944364,2333529621,13964,,,,-699627,1000,-373848,-1072475,24462,2557,1377
2026-10-08,4927,泰鼎-KY,TWSE,54,56.7,53.1,54.2,-0.3,13275749,730175823,8968,,,,148241,0,86905,235146,30193,1838,257
2026-10-08,4930,燦星網,TWSE,15.95,15.95,15.65,15.7,-0.1,139642,2207698,215,,,,-24000,0,-1000,-25000,3851,0,0
2026-10-08,4934,太極,TWSE,15.6,17.1,15.6,17.1,1.55,4681151,78499999,2302,,,,742370,0,4998,747368,0,0,0
2026-10-08,4935,茂林-KY,TWSE,33.8,36,33.8,34.3,1.35,455746,15874794,310,25.79,,,30870,0,6000,36870,775,1,0
2026-10-08,4938,和碩,TWSE,89.4,90.1,89.4,89.7,-0.3,4938548,443310580,3060,15.13,,,-1389367,-89000,183564,-1294803,4619,178,35
2026-10-08,4942,嘉彰,TWSE,31.55,31.65,31.5,31.65,0.1,24010,758164,20,10.91,,,0,0,0,0,590,0,0
2026-10-08,4943,康控-KY,TWSE,7.06,7.06,6.64,6.64,0,12761,87567,24,,,,,,,,0,0,0
2026-10-08,4949,有成精密,TWSE,84,86.5,83.1,85.3,1.4,2358162,200486328,2976,22.39,,,-264900,0,0,-264900,2779,-143,43
2026-10-08,4952,凌通,TWSE,49.05,49.4,48.65,48.65,-0.7,139652,6832394,191,27.33,,,-45000,0,4000,-41000,1331,-2,5
2026-10-08,4956,光鋐,TWSE,42.4,44.3,42,42.1,-0.7,4155871,178132384,3725,89.57,,,-587424,0,629,-586795,6464,65,533
2026-10-08,4958,臻鼎-KY,TWSE,593,613,587,592,-3,33690659,20182392291,43153,70.06,,,2140109,234710,-170069,2204750,37627,542,684
2026-10-08,4960,誠美材,TWSE,24.05,24.3,23.8,23.8,-0.35,2386573,57198948,1180,,,,431287,0,11810,443097,15470,-62,135
2026-10-08,4961,天鈺,TWSE,179,180,177,178,-1,500614,89001241,662,20,,,-140513,50000,-424,-90937,1239,-59,10
2026-10-08,4967,十銓,TWSE,270,272,268,269.5,4.5,2190765,590799426,2661,4,,,-345040,0,-16215,-361255,7309,60,1439
2026-10-08,4968,立積,TWSE,97.3,97.6,96.5,96.7,-0.5,243903,23618591,481,26.14,,,-2909,0,-306,-3215,4712,10,25
2026-10-08,4976,佳凌,TWSE,37.95,37.95,37.15,37.3,-0.3,829556,31107498,885,,,,34256,0,0,34256,5053,-79,152
2026-10-08,4977,眾達-KY,TWSE,175,175.5,172,172.5,-2.5,1461054,253297116,3787,51.8,,,-145562,0,-42118,-187680,7746,216,55
2026-10-08,4989,榮科,TWSE,74.2,75.9,71.6,73.2,-0.5,23775247,1754009431,31997,,,,-4342942,0,-31750,-4374692,16995,839,191
2026-10-08,4994,傳奇,TWSE,82.3,84,80.5,80.5,-1.5,10191,835893,53,56.69,,,-3000,0,0,-3000,1957,3,3
2026-10-08,4999,鑫禾,TWSE,17.7,17.85,17.7,17.75,0.05,72362,1285332,92,,,,-32000,0,0,-32000,376,5,5
2026-10-08,5007,三星,TWSE,55.7,55.7,55.7,55.7,0.1,6070,338004,7,15.73,,,1000,0,0,1000,3,0,0
2026-10-08,5203,訊連,TWSE,59.8,62,59.2,60.2,0.3,273804,16702823,404,13.44,,,-63930,0,0,-63930,907,16,4
2026-10-08,5215,科嘉-KY,TWSE,37.7,37.75,37.55,37.7,0,10151,382577,12,9.59,,,1000,0,-1000,0,692,-15,0
2026-10-08,5222,全訊,TWSE,103,103,101.5,102,-1,215855,22066217,329,53.4,,,-74873,0,351,-74522,1959,5,11
2026-10-08,5225,東科-KY,TWSE,53.4,58.4,53.4,56.1,2.9,781944,43998255,778,8.45,,,52191,0,-57,52134,1226,4,140
2026-10-08,5234,達興材料,TWSE,330,336,323,334,-2.5,842776,278899298,1439,39.86,,,-263991,0,8981,-255010,1660,33,185
2026-10-08,5236,凌陽創新,TWSE,125.5,125.5,125,125,-1,102066,12780277,202,12.17,,,-35000,0,0,-35000,264,6,4
2026-10-08,5243,乙盛-KY,TWSE,96.8,106,96.1,105,8.2,8145925,831318121,6148,20.04,,,-865273,0,694027,-171246,8977,100,16
2026-10-08,5244,弘凱,TWSE,41.25,42.65,40.85,40.85,0.1,3110421,129169405,2577,,,,-494126,0,0,-494126,2012,-34,91
2026-10-08,5258,虹堡,TWSE,42,42.35,41.85,41.9,-0.25,170268,7159008,233,9.48,,,-27429,0,0,-27429,3710,38,0
2026-10-08,5269,祥碩,TWSE,1465,1490,1450,1490,35,419714,621205820,2122,15.89,,,127337,13000,30756,171093,1787,6,34
2026-10-08,5283,禾聯碩,TWSE,51.5,51.8,51.3,51.8,0.2,92592,4775709,149,7.97,,,7840,0,0,7840,51,0,0
2026-10-08,5284,jpp-KY,TWSE,285,287,281.5,282,-4.5,298462,84455735,1111,17.86,,,7455,0,-4764,2691,4381,-55,2
2026-10-08,5285,界霖,TWSE,97.9,101,93.9,94.4,-3.4,2498193,241481520,2365,30.55,,,-316153,0,-7417,-323570,6054,-76,38
2026-10-08,5288,豐祥-KY,TWSE,187,190,187,188.5,-0.5,78477,14783497,203,12.57,,,-1000,0,0,-1000,2637,-1,0
2026-10-08,5292,華懋,TWSE,242.5,250,230,243,0,538396,131204086,3404,23.5,,,-45731,0,133,-45598,632,-26,6
2026-10-08,5306,桂盟,TWSE,87.8,88,87.1,87.6,-0.3,92262,8085288,97,12.41,,,27035,0,0,27035,549,-2,0
2026-10-08,5388,中磊,TWSE,73.5,73.6,72.9,73,-1,1875896,137216800,2199,16.33,,,-694761,0,-21885,-716646,8990,316,10
2026-10-08,5434,崇越,TWSE,601,602,593,596,-9,528342,315959126,1669,22.31,,,12042,-5000,-7422,-380,890,-48,3
2026-10-08,5469,瀚宇博,TWSE,80.5,80.9,79.4,80.2,-0.3,1679171,134767142,1942,14.85,,,-50257,-46000,7938,-88319,12762,-130,31
2026-10-08,5471,松翰,TWSE,51.6,51.6,50.6,50.8,-0.9,853047,43375285,1345,30.6,,,-52324,0,-8669,-60993,4382,17,15
2026-10-08,5484,慧友,TWSE,38.95,39,38.3,38.65,-0.3,87393,3369260,123,28.63,,,0,0,0,0,0,0,0
2026-10-08,5515,建國,TWSE,52.1,52.9,52,52.7,0.7,308880,16236784,276,5.34,,,48000,0,-14000,34000,2509,-21,2
2026-10-08,5519,隆大,TWSE,24.7,24.75,24.6,24.7,-0.1,113787,2808239,155,4.96,,,-10000,0,0,-10000,971,3,0
2026-10-08,5521,工信,TWSE,11.1,11.1,10.95,11.05,-0.05,1111395,12255753,443,11.63,,,-37289,0,0,-37289,12900,22,2
2026-10-08,5522,遠雄,TWSE,61,61.3,60.7,60.8,-0.4,361756,22039196,612,6.06,,,-33000,-756,-4000,-37756,1012,-2,0
2026-10-08,5525,順天,TWSE,21.95,21.95,21.85,21.95,0,18637,407845,24,5.66,,,-1000,0,0,-1000,259,0,0
2026-10-08,5531,鄉林,TWSE,7.01,7.05,6.91,6.97,-0.04,405631,2829249,264,63.36,,,-128695,0,0,-128695,4340,-56,11
2026-10-08,5533,皇鼎,TWSE,14,14.05,13.9,14.05,0.15,42001,587614,18,23.81,,,-6000,0,0,-6000,353,20,1
2026-10-08,5534,長虹,TWSE,71.4,72.5,71.2,72.2,0.6,540323,38880144,476,12.76,,,-107926,0,-4796,-112722,3697,11,2
2026-10-08,5538,東明-KY,TWSE,36.1,36.45,36.1,36.2,-0.1,66560,2408901,52,8.32,,,-2000,0,6000,4000,116,7,0
2026-10-08,5546,永固-KY,TWSE,13.5,13.7,13.1,13.5,-0.35,72022,955455,34,,,,21000,0,0,21000,28,0,0
2026-10-08,5607,遠雄港,TWSE,52.5,52.9,52.3,52.8,0.3,249299,13130675,266,14.47,,,52412,0,0,52412,2546,-6,0
2026-10-08,5608,四維航,TWSE,16.55,16.6,16.4,16.5,-0.05,1056049,17437128,667,165,,,-10484,0,-1000,-11484,6329,27,296
2026-10-08,5706,鳳凰,TWSE,44.7,44.7,44.2,44.2,-0.3,111738,4968047,125,11.36,,,50000,0,-4000,46000,673,-5,0
2026-10-08,5871,中租-KY,TWSE,105.5,106,105.5,105.5,-0.5,3191525,337158855,2736,9.75,,,-1362666,-40000,59920,-1342746,5530,7,4
2026-10-08,5871A,中租-KY甲特,TWSE,99.8,99.9,99.8,99.9,0.1,16368,1634461,17,,,,,,,,,,
2026-10-08,5876,上海商銀,TWSE,49.6,49.8,49.1,49.65,0.15,4975276,246259596,2906,14.03,,,760527,-203000,404837,962364,439,16,20
2026-10-08,5880,合庫金,TWSE,26.5,26.6,26.35,26.45,-0.1,10231835,270872076,4926,17.29,,,171019,13065,-15000,169084,2335,-117,30
2026-10-08,5906,台南-KY,TWSE,,,,,,0,0,0,760,,,,,,,19,0,0
2026-10-08,5907,大洋-KY,TWSE,4.69,4.7,4.68,4.68,0,87274,409261,59,,,,-10000,0,0,-10000,5316,9,0
2026-10-08,6005,群益證,TWSE,32.3,32.3,31.9,32.05,-0.5,5837017,187414640,3104,5.96,,,-2504411,10000,0,-2494411,5167,-124,9
2026-10-08,6024,群益期,TWSE,59.4,59.6,58.6,58.7,-0.7,542327,31952926,696,8.09,,,-239412,0,0,-239412,190,5,0
2026-10-08,6108,競國,TWSE,25.75,25.8,24.95,25.6,-0.35,1474321,37407180,1187,128,,,-453516,0,0,-453516,2181,-29,0
2026-10-08,6112,邁達特,TWSE,44.55,45.1,44.55,45.05,0.3,334372,14992012,367,13.9,,,29110,0,1637,30747,2616,-27,5
2026-10-08,6115,鎰勝,TWSE,43.9,44.25,43.75,43.95,0.05,52319,2299857,81,12.85,,,9045,0,1000,10045,27,0,0
2026-10-08,6116,彩晶,TWSE,15.25,15.45,15.1,15.1,-0.4,18900399,287221996,7680,,,,-2473288,0,562218,-1911070,43901,1304,6120
2026-10-08,6117,迎廣,TWSE,67,67,65.6,66.3,-1.7,521416,34474142,528,14.05,,,-190063,0,-9600,-199663,2303,63,20
2026-10-08,6120,達運,TWSE,13.75,14,13.7,13.7,-0.3,2318191,32098007,1145,10.07,,,-351299,0,15000,-336299,11569,482,193
2026-10-08,6128,上福,TWSE,19.2,19.2,19.1,19.15,-0.05,29167,559131,57,,,,-3000,0,0,-3000,1766,0,0
2026-10-08,6133,金橋,TWSE,27.15,27.65,26.8,27.05,0.1,1676379,45514475,1297,24.37,,,-76721,0,4000,-72721,3289,-540,30
2026-10-08,6136,富爾特,TWSE,25.3,26.65,25.3,26.6,1.35,917664,23922608,593,35.95,,,130664,0,-1000,129664,821,0,0
2026-10-08,6139,亞翔,TWSE,787,787,770,778,-9,1729400,1346722052,5730,15.67,,,-106696,-6000,-29675,-142371,10240,84,28
2026-10-08,6141,柏承,TWSE,53.6,53.6,51,51.3,-2.1,1628017,84242875,1613,,,,-735213,0,-2000,-737213,30,0,0
2026-10-08,6142,友勁,TWSE,9.2,9.3,8.98,9.03,-0.07,654800,5937013,503,,,,-123689,0,0,-123689,0,0,0
2026-10-08,6152,百一,TWSE,20.1,21.25,19.3,21,1.2,14700301,300510847,6149,,,,-402825,0,0,-402825,0,0,0
2026-10-08,6153,嘉聯益,TWSE,17.8,18.05,17.3,17.3,-0.7,3338393,58603610,1715,,,,-934100,0,173302,-760798,12845,36,179
2026-10-08,6155,鈞寶,TWSE,70.8,74.7,69.4,70.9,-0.6,5656914,408701740,4848,39.39,,,190509,-3000,-79999,107510,3809,344,196
2026-10-08,6164,華興,TWSE,13.3,13.3,13,13,-0.35,387902,5097838,319,50,,,-7453,0,0,-7453,3181,-19,3
2026-10-08,6165,浪凡,TWSE,47.75,48.1,47.6,47.9,0.15,171924,8224333,184,12.19,,,-19000,0,0,-19000,10262,-9,2
2026-10-08,6166,凌華,TWSE,129.5,129.5,125,125,-6,1575938,199000412,1807,23.86,,,-386232,0,-12015,-398247,3145,-60,31
2026-10-08,6168,宏齊,TWSE,40.9,42.4,39.9,40.35,-1.1,11060498,452582927,7221,126.09,,,-1023653,0,-3991,-1027644,5543,-768,596
2026-10-08,6176,瑞儀,TWSE,90.6,91.7,90.6,91.1,0,827913,75615639,1254,11.26,,,-164340,0,450,-163890,4805,44,6
2026-10-08,6177,達麗,TWSE,45.4,46,45.4,45.95,0.05,433452,19828525,511,5.07,,,-8700,-6896,-1000,-16596,2422,-2,0
2026-10-08,6183,關貿,TWSE,91.4,91.5,90.9,91.4,0,22686,2069725,73,20.31,,,0,0,0,0,4,0,0
2026-10-08,6184,大豐電,TWSE,40,40,39.9,40,0,33479,1338298,45,17.24,,,3000,0,0,3000,491,0,0
2026-10-08,6189,豐藝,TWSE,49.4,49.45,49.1,49.3,-0.1,142514,7017522,380,12.17,,,32094,0,2220,34314,2112,4,13
2026-10-08,6191,精成科,TWSE,87.5,88.4,86.7,87.9,0.4,1886727,165400922,2712,15.31,,,80253,13000,-10922,82331,18420,-97,11
2026-10-08,6192,巨路,TWSE,111.5,112.5,111,111.5,0,66004,7371138,91,10.78,,,-4230,0,0,-4230,764,-11,0
2026-10-08,6196,帆宣,TWSE,670,676,648,674,4,1162566,774993742,3199,30.53,,,115447,2000,-5241,112206,1635,-47,24
2026-10-08,6197,佳必琪,TWSE,371,387,368,381.5,10.5,4838424,1836726799,7502,32.25,,,850877,4000,66754,921631,6189,-137,137
2026-10-08,6201,亞弘電,TWSE,44,44.15,44,44.15,-0.1,17298,762380,22,13.71,,,2000,0,0,2000,39,0,0
2026-10-08,6202,盛群,TWSE,60.5,60.9,58.6,58.9,-2,1845781,109062311,1784,49.08,,,-531428,0,-11446,-542874,5065,-39,12
2026-10-08,6205,詮欣,TWSE,71.9,72.4,70.5,70.6,-1.3,530900,37763464,692,30.96,,,137523,0,608,138131,3965,-97,51
2026-10-08,6206,飛捷,TWSE,133.5,134,133,133.5,-1,574038,76534909,688,14.75,,,17048,-1000,-9298,6750,1809,6,3
2026-10-08,6209,今國光,TWSE,91.5,92.5,89,90.1,-0.8,13928203,1261879320,15181,39,,,-1388790,0,-92906,-1481696,15582,-227,299
2026-10-08,6213,聯茂,TWSE,786,806,763,806,10,5220666,4131305388,10854,124.96,,,1086914,-14000,46529,1119443,17704,364,1188
2026-10-08,6214,精誠,TWSE,190.5,193,190,192,2.5,1178415,225755603,1203,17.93,,,367790,6000,2382,376172,755,0,110
2026-10-08,6215,和椿,TWSE,95.9,95.9,93.1,93.3,-3.7,1185389,111905659,1351,27.77,,,-510970,0,-1000,-511970,5122,-8,38
2026-10-08,6216,居易,TWSE,21.25,21.25,20.55,20.65,-0.6,271267,5631964,306,55.81,,,-114000,0,-4349,-118349,667,41,13
2026-10-08,6224,聚鼎,TWSE,80.2,80.7,78.2,79.9,-0.3,509105,40349640,771,66.58,,,1016,0,0,1016,3243,-9,141
2026-10-08,6225,天瀚,TWSE,68.7,73.5,68.7,71.6,2.9,264246,18667510,218,,,,20500,0,0,20500,0,0,0
2026-10-08,6226,光鼎,TWSE,42.5,47,42.5,44.4,0.95,25055980,1131614423,15928,,,,-472500,-5000,-5000,-482500,4182,155,906
2026-10-08,6230,尼得科超眾,TWSE,114.5,115.5,114,115.5,0,26831,3074950,57,,,,-2000,0,0,-2000,452,-2,0
2026-10-08,6235,華孚,TWSE,36.5,36.6,36,36.1,-0.6,570741,20620879,556,22.42,,,-222000,0,-552,-222552,4445,-57,7
2026-10-08,6239,力成,TWSE,306,312,296,308,0.5,15955829,4865776930,24624,30.5,,,685660,145000,-544798,285862,23424,317,90
2026-10-08,6243,迅杰,TWSE,39.25,39.25,38.4,38.45,-0.85,170728,6581696,220,,,,-14000,0,0,-14000,1670,-8,16
2026-10-08,6257,矽格,TWSE,275.5,291.5,274,283,5,25941970,7316043460,27464,33.1,,,-945318,185000,-123190,-883508,13160,756,224
2026-10-08,6269,台郡,TWSE,64.9,64.9,63.4,63.6,-1.7,2203564,140763361,2052,,,,-623155,0,-48169,-671324,8820,-174,145
2026-10-08,6271,同欣電,TWSE,241,246,236.5,245.5,4,3623906,877933507,6130,27.62,,,-82447,208000,27609,153162,7300,-97,22
2026-10-08,6272,驊陞,TWSE,25.4,25.8,25.3,25.8,0.3,110885,2834999,97,14.49,,,-21950,0,0,-21950,285,3,0
2026-10-08,6277,宏正,TWSE,78.5,80.8,78.5,79.8,1.7,414386,33087722,412,19.28,,,93500,0,6216,99716,288,-2,9
2026-10-08,6278,台表科,TWSE,247.5,256,240.5,248,-2.5,21683718,5411106014,23945,25.13,,,4599929,56000,-47067,4608862,12707,532,228
2026-10-08,6281,全國電,TWSE,50.8,51,50.5,51,0.1,49410,2506957,73,13.67,,,2000,0,0,2000,10,0,0
2026-10-08,6282,康舒,TWSE,43.65,43.8,43.05,43.2,-0.85,4813109,208462334,3746,35.41,,,-1866440,-4000,-107776,-1978216,25472,90,32
2026-10-08,6283,淳安,TWSE,18.8,19,18.75,18.75,-0.2,41014,772001,45,,,,5000,0,0,5000,2343,6,1
2026-10-08,6285,啟碁,TWSE,253,259,252.5,256.5,-1,3495736,894577536,5754,28.09,,,154939,9000,82957,246896,14496,68,81
2026-10-08,6405,悅城,TWSE,40.25,40.65,39.8,39.8,-0.45,501860,20075696,366,,,,-125000,0,2508,-122492,5796,-18,76
2026-10-08,6409,旭隼,TWSE,882,888,865,868,-20,282473,246452679,1923,33.63,,,-100308,-3020,-6337,-109665,1009,5,0
2026-10-08,6412,群電,TWSE,74,74,72.8,73,-1,708581,51902346,953,12.03,,,-423715,0,-22634,-446349,3014,-51,0
2026-10-08,6414,樺漢,TWSE,405.5,406.5,397.5,399,4,894148,358147455,1290,16.57,,,-34252,55000,-25275,-4527,1980,-3,2
2026-10-08,6415,矽力*-KY,TWSE,461,475,451.5,462.5,6,4559217,2110997695,5243,46.95,,,263981,5000,-764,268217,4987,-85,79
2026-10-08,6416,瑞祺電通,TWSE,122.5,123,120,120.5,2.5,1003714,121708079,1008,22.48,,,158433,0,0,158433,4199,31,7
2026-10-08,6426,統新,TWSE,331,352.5,328,341,-6.5,2856629,963876407,3678,86.11,,,203100,0,9669,212769,3816,54,96
2026-10-08,6431,光麗-KY,TWSE,16.7,16.8,16.4,16.8,-0.2,109094,1797008,118,,,,33000,0,2000,35000,0,0,0
2026-10-08,6438,迅得,TWSE,165.5,165.5,162.5,164.5,-1,321900,52745689,669,28.51,,,22346,0,-25527,-3181,4072,18,11
2026-10-08,6442,光聖,TWSE,1780,1790,1715,1785,-30,3701979,6500032090,11422,52.81,,,42983,0,-66794,-23811,4396,-193,68
2026-10-08,6443,元晶,TWSE,27.45,27.6,27,27,-0.6,2768146,75259853,2122,,,,-491000,0,0,-491000,6599,-6,166
2026-10-08,6446,藥華藥,TWSE,1205,1235,1190,1195,-10,1844670,2227720625,5128,58.52,,,-171435,19884,-2802,-154353,8448,32,20
2026-10-08,6449,鈺邦,TWSE,260,278.5,251,271,9.5,9626822,2546264851,11889,30.18,,,-1844270,0,85322,-1758948,3638,153,37
2026-10-08,6451,訊芯-KY,TWSE,426.5,426.5,413,420.5,-6,1251508,524004181,2444,385.78,,,-157085,0,-10158,-167243,9353,11,49
2026-10-08,6456,GIS-KY,TWSE,101.5,104.5,99.4,100,-2,17868393,1810035804,13227,,,,-2615250,0,-101349,-2716599,32075,198,554
2026-10-08,6464,台數科,TWSE,76,76.3,76,76.3,-0.2,3362,256532,8,16.96,,,1360,0,0,1360,0,0,0
2026-10-08,6472,保瑞,TWSE,428,430,419.5,421,-7,360457,152252427,1394,34.71,,,-5940,1000,-24235,-29175,3395,11,31
2026-10-08,6477,安集,TWSE,33.75,33.85,33.6,33.7,-0.15,253978,8560428,225,1123.33,,,-12000,0,1000,-11000,3556,-2,101
2026-10-08,6491,晶碩,TWSE,411.5,411.5,398,403,-8.5,407283,163682178,653,16.81,,,12,0,-751,-739,971,-13,7
2026-10-08,6504,南六,TWSE,38.45,41.7,38.45,41.7,3.75,599150,24785902,508,26.73,,,62000,0,734,62734,142,15,0
2026-10-08,6505,台塑化,TWSE,107,114,105.5,110.5,3.5,41327682,4560504595,31276,19.18,,,-14513191,14835579,-238807,83581,7291,236,876
2026-10-08,6515,穎崴,TWSE,5520,5680,5445,5615,95,1099562,6177384855,9889,91.93,,,549374,-444000,5973,111347,1057,163,24
2026-10-08,6525,捷敏-KY,TWSE,142,142,136.5,138,-4,875222,120807310,962,19.19,,,-71135,-3000,-3082,-77217,2446,-21,18
2026-10-08,6526,達發,TWSE,780,817,778,801,15,1046604,839572173,2532,44.43,,,160942,50000,27738,238680,2030,-12,13
2026-10-08,6531,愛普*,TWSE,995,1015,980,980,-20,3580465,3524010848,6218,56.52,,,-1245974,41000,-23732,-1228706,6283,-149,88
2026-10-08,6533,晶心科,TWSE,348.5,354,341,352.5,5.5,1202389,420578514,2011,,,,-34205,0,-3109,-37314,3392,113,1978
2026-10-08,6534,正瀚-創,TWSE,94.5,95.4,94.5,94.5,0.5,180070,17029041,64,15.91,,,63000,0,0,63000,2032,27,0
2026-10-08,6541,泰福-KY,TWSE,33.2,34.4,32.5,33.95,1.25,638096,21444224,495,,,,215000,0,0,215000,4081,16,1
2026-10-08,6550,北極星藥業-KY,TWSE,16.15,16.9,16.15,16.7,0.65,770188,12764981,595,,,,38558,0,7000,45558,0,0,0
2026-10-08,6552,易華電,TWSE,24.6,24.7,24.45,24.5,-0.1,27121,666280,31,,,,4000,0,0,4000,1019,-4,7
2026-10-08,6558,興能高,TWSE,25.15,25.15,24.9,25.1,0.15,134320,3361633,102,,,,39069,0,0,39069,2133,-3,18
2026-10-08,6573,虹揚-KY,TWSE,16,16,15.8,15.95,0.05,83366,1324562,69,11,,,-18000,0,0,-18000,0,0,0
2026-10-08,6579,研揚,TWSE,154,154,150,151,-2,327935,49631668,498,20.63,,,67008,0,-110100,-43092,1269,62,0
2026-10-08,6581,鋼聯,TWSE,108,108,107.5,107.5,-0.5,7334,790800,13,14.59,,,-1000,0,0,-1000,2,-5,0
2026-10-08,6582,申豐,TWSE,31.3,32.65,31.3,31.8,0.5,110513,3517407,155,83.68,,,44000,0,0,44000,436,0,0
2026-10-08,6585,鼎基,TWSE,101,102,98.6,99.2,-5.8,637926,63522336,748,12.78,,,-288203,-1000,1472,-287731,1595,40,38
2026-10-08,6589,台康生技,TWSE,50.6,51.3,50.5,51.3,0.7,414018,21135957,288,,,,70369,0,7000,77369,2927,-18,2
2026-10-08,6591,動力-KY,TWSE,41.75,42,41.7,41.8,-0.45,44526,1862212,89,13.06,,,12000,0,0,12000,1826,5,1
2026-10-08,6592,和潤企業,TWSE,56.6,57,56.5,56.7,0.1,283109,16067997,396,11.39,,,8970,0,239,9209,740,1,0
2026-10-08,6592A,和潤企業甲特,TWSE,96.3,96.8,96.3,96.8,0.1,5002,482596,6,,,,,,,,,,
2026-10-08,6592B,和潤企業乙特,TWSE,94.4,95.2,94.4,94.5,0,5335,504286,53,,,,,,,,,,
2026-10-08,6598,ABC-KY,TWSE,27.6,28.1,27.15,27.6,0.85,503552,14017161,292,,,,118926,0,2000,120926,0,0,0
2026-10-08,6605,帝寶,TWSE,136.5,138,136.5,136.5,-1,104278,14290397,148,8.43,,,31371,0,0,31371,2313,-20,1
2026-10-08,6606,建德工業,TWSE,23.95,24.45,23.95,24.45,0.2,89334,2163323,39,16.86,,,0,0,0,0,550,-4,0
2026-10-08,6614,資拓宏宇,TWSE,35.3,35.3,35.2,35.25,-0.25,34000,1199150,30,17.54,,,3000,0,0,3000,86,0,0
2026-10-08,6625,必應,TWSE,73.8,73.9,73.4,73.9,0.1,25429,1874749,66,7.16,,,9000,0,0,9000,675,-7,0
2026-10-08,6641,基士德-KY,TWSE,17.6,17.6,17.15,17.25,0.1,7000,121250,5,21.3,,,0,0,2000,2000,109,1,0
2026-10-08,6645,金萬林-創,TWSE,13.1,13.5,13.1,13.5,1.2,218843,2950428,141,,,,24000,0,-2000,22000,5,0,0
2026-10-08,6655,科定,TWSE,124.5,129.5,124.5,125.5,-3,49014,6239276,25,25.88,,,0,0,0,0,0,0,0
2026-10-08,6657,華安,TWSE,34.4,35,33.5,34.85,1.45,186117,6423502,194,,,,41000,0,0,41000,1149,0,0
2026-10-08,6658,聯策,TWSE,198.5,222,198.5,214.5,12,2603901,558408375,3522,52.06,,,177352,0,6169,183521,1776,3,5
2026-10-08,6666,羅麗芬-KY,TWSE,43.2,44,43.2,44,-0.05,15173,662273,22,12.9,,,0,0,0,0,279,-4,0
2026-10-08,6668,中揚光,TWSE,50.6,53,50.2,51.1,0.9,4483915,230954862,3215,,,,83065,0,0,83065,3213,-281,52
2026-10-08,6669,緯穎,TWSE,2230,2270,2200,2240,0,2464240,5499968875,13115,7.18,,,-246833,-16094,52277,-210650,4458,132,1141
2026-10-08,6670,復盛應用,TWSE,274,280,274,279,5,313659,87336978,408,11.4,,,156532,0,448,156980,435,-12,1
2026-10-08,6671,三能-KY,TWSE,23.1,23.3,23,23.05,0,24000,554900,15,10.62,,,2000,0,0,2000,83,-1,0
2026-10-08,6672,騰輝電子-KY,TWSE,505,555,505,555,50,3824784,2030276058,7345,83.84,,,251196,20000,15207,286403,7494,427,345
2026-10-08,6674,鋐寶科技,TWSE,18.3,18.35,18.25,18.35,0.05,75020,1372265,59,,,,-9000,0,0,-9000,164,1,3
2026-10-08,6689,伊雲谷,TWSE,62.3,62.9,62.2,62.6,-0.1,108669,6799473,150,28.58,,,-15980,0,0,-15980,1411,-18,2
2026-10-08,6691,洋基工程,TWSE,781,794,772,789,13,877010,689535184,2105,23.6,,,124652,3000,5318,132970,1719,-83,12
2026-10-08,6695,芯鼎,TWSE,52.3,52.8,50.3,50.9,-0.5,500210,25562042,480,,,,-91000,0,-2,-91002,2799,-23,27
2026-10-08,6698,旭暉應材,TWSE,31.55,31.8,31.45,31.6,-0.3,52764,1668810,83,,,,-2972,0,0,-2972,1815,6,77
2026-10-08,6706,惠特,TWSE,151,153.5,149,151.5,-2.5,1516811,229380875,1733,,,,-268990,0,-9794,-278784,8381,305,312
2026-10-08,6715,嘉基,TWSE,482.5,495,464,464,-21,1307519,624798408,1948,305.26,,,-262603,0,-9338,-271941,6472,43,73
2026-10-08,6719,力智,TWSE,187.5,194.5,187.5,192,2.5,1861317,357573505,2610,21.62,,,-600456,0,20085,-580371,3401,-22,0
2026-10-08,6722,輝創,TWSE,33,33.2,32.8,33.15,0.15,37607,1241465,53,16.25,,,1000,0,0,1000,97,-15,0
2026-10-08,6742,澤米,TWSE,59.3,60.4,57,57.9,-2,1149307,66838068,979,,,,291719,0,-403,291316,1751,-15,29
2026-10-08,6743,安普新,TWSE,35.8,35.95,34.1,35.5,-0.25,790410,27994808,610,31.98,,,-87576,-1815,0,-89391,530,-7,1
2026-10-08,6753,龍德造船,TWSE,131.5,132,130.5,131,0,247574,32489268,339,12.5,,,-40000,0,2118,-37882,5112,-23,1
2026-10-08,6754,匯僑設計,TWSE,40.5,41.5,40.5,41.5,1,27247,1116586,31,12.54,,,6000,0,0,6000,124,1,0
2026-10-08,6756,威鋒電子,TWSE,97.1,98,96,97.6,-0.3,105144,10195631,125,54.83,,,-25329,0,944,-24385,633,-1,0
2026-10-08,6757,台灣虎航,TWSE,53.7,53.7,53,53.3,0.1,216681,11528775,307,9.25,,,96167,0,0,96167,3065,16,2
2026-10-08,6768,志強-KY,TWSE,64.5,64.8,63.7,63.8,-1.1,156840,10050238,407,12.79,,,-76950,0,-1019,-77969,1057,16,0
2026-10-08,6770,力積電,TWSE,73.5,75.4,72,72.2,-0.4,114313740,8381137584,65032,24.07,,,-21678579,125000,-1846993,-23400572,130512,440,1948
2026-10-08,6771,平和環保-創,TWSE,42.1,42.7,42.1,42.7,0.4,45000,1920900,17,14.83,,,-1000,0,1000,0,49,0,0
2026-10-08,6776,展碁國際,TWSE,52.3,53,52.3,53,0.6,49073,2588428,59,12.1,,,22000,0,0,22000,577,-4,0
2026-10-08,6781,AES-KY,TWSE,1025,1035,1010,1020,-5,323306,331128815,1262,24.12,,,-69004,0,3623,-65381,2451,-7,0
2026-10-08,6782,視陽,TWSE,232.5,232.5,229,230,-2.5,105431,24234663,445,13.94,,,-15521,-20000,-20844,-56365,320,0,2
2026-10-08,6789,采鈺,TWSE,485,485.5,475,481,-4.5,657540,315659037,1753,91.79,,,83242,2000,-13401,71841,4933,-7,28
2026-10-08,6790,永豐實,TWSE,37.2,37.25,37.1,37.25,0,156909,5827909,140,12.09,,,16122,0,-213,15909,293,0,0
2026-10-08,6792,詠業,TWSE,60.5,65.6,60.5,61.3,1.5,187931,11827802,172,21.81,,,3000,0,0,3000,261,5,7
2026-10-08,6794,向榮生技,TWSE,71.5,72.5,71.4,71.6,-0.4,43080,3088016,43,,,,-1000,0,0,-1000,311,0,0
2026-10-08,6796,晉弘,TWSE,57,57.3,55.8,56.6,0.6,17563,992253,63,157.22,,,-1000,0,0,-1000,609,0,0
2026-10-08,6799,來頡,TWSE,92,94,91.1,91.4,-0.1,266359,24640795,847,17.71,,,-16938,0,-1000,-17938,1858,1,0
2026-10-08,6805,富世達,TWSE,2330,2425,2310,2370,-85,1687423,3993048955,4425,50.7,,,261970,-275000,-106,-13136,2451,-18,34
2026-10-08,6807,峰源-KY,TWSE,35.6,35.6,34,34,0,41333,1431028,47,11.56,,,-4000,0,0,-4000,136,0,0
2026-10-08,6830,汎銓,TWSE,528,536,520,530,0,564590,298060512,1440,2120,,,59804,21000,-2414,78390,4543,-52,1264
2026-10-08,6831,邁科,TWSE,488,515,468,476,-12,1898791,924539631,2837,85.92,,,-309902,0,-355713,-665615,2051,31,13
2026-10-08,6834,天二科技,TWSE,125.5,137,123,132,7,18632795,2428172189,16133,57.39,,,-663445,-2000,55485,-609960,6254,40,57
2026-10-08,6835,圓裕,TWSE,32.4,32.4,32.05,32.05,0,17125,550300,19,106.83,,,0,0,0,0,806,1,0
2026-10-08,6838,台新藥,TWSE,24.8,25.1,24.8,25.1,0,108522,2706562,212,,,,-20471,0,0,-20471,2227,0,0
2026-10-08,6854,錼創科技-KY創,TWSE,91,92.9,91,92.9,1.5,103601,9546806,102,,,,9000,0,-2000,7000,2330,-4,7
2026-10-08,6861,睿生光電,TWSE,270.5,273.5,261.5,262.5,-8,880355,235330618,3413,40.51,,,8530,0,-33076,-24546,2624,-6,35
2026-10-08,6862,三集瑞-KY,TWSE,145,147.5,142,146.5,-2,376157,54497302,439,21.61,,,45018,0,-10060,34958,992,51,1
2026-10-08,6863,永道-KY,TWSE,96,96.8,95.5,95.6,-1.2,43288,4162131,55,33.54,,,-25000,0,0,-25000,1243,-6,1
2026-10-08,6869,雲豹能源,TWSE,70.9,71.2,70.1,70.6,-0.2,292118,20633597,312,,,,76246,0,234,76480,2906,25,26
2026-10-08,6873,泓德能源,TWSE,65.1,66.2,64.2,66.1,1,247688,16230466,340,68.85,,,119584,0,0,119584,3464,6,15
2026-10-08,6885,全福生技,TWSE,30.4,30.45,29.5,29.6,-0.8,643971,19173978,518,,,,-283000,0,1000,-282000,2020,216,4
2026-10-08,6887,寶綠特-KY,TWSE,36.8,37,36.6,36.85,0.05,6000,221100,6,8.39,,,-1000,0,0,-1000,988,-13,0
2026-10-08,6890,來億-KY,TWSE,155.5,156,151.5,152,-4,157278,24144610,701,14.62,,,-23944,0,-13897,-37841,870,11,51
2026-10-08,6901,鑽石投資,TWSE,17.5,18.3,17.4,17.7,0.55,4041511,72371918,2401,5.16,,,253650,0,17043,270693,6108,76,58
2026-10-08,6902,GOGOLOOK,TWSE,141.5,142,135.5,136.5,-1.5,281516,38724278,334,28.38,,,-142987,0,-3000,-145987,1124,58,0
2026-10-08,6906,現觀科,TWSE,78.8,80,78.6,78.9,-0.4,20553,1621594,37,32.88,,,2000,0,0,2000,513,3,0
2026-10-08,6908,宏碁遊戲-創,TWSE,26.05,26.15,26,26,-0.05,38050,991302,30,23.42,,,-1000,0,2000,1000,,,
2026-10-08,6909,創控,TWSE,43.15,43.5,42.9,43.5,0.2,242222,10430217,228,32.71,,,32030,0,0,32030,1621,4,1
2026-10-08,6914,阜爾運通,TWSE,118,118.5,118,118,-1,22075,2613658,82,11.85,,,-2400,0,0,-2400,273,-2,0
2026-10-08,6916,華凌,TWSE,18.7,18.9,18.7,18.8,-0.2,18200,341800,13,,,,-5000,0,-1000,-6000,302,8,0
2026-10-08,6918,愛派司,TWSE,73.6,76.9,73.6,75.5,1.8,119054,8967089,53,13.85,,,14000,0,-1000,13000,24,-6,0
2026-10-08,6919,康霈*,TWSE,78.1,79.1,77.5,77.5,-0.6,2950946,230122734,3214,,,,-951794,0,-9299,-961093,0,0,0
2026-10-08,6921,嘉雨思-創,TWSE,65,65.7,65,65.7,0,13100,853700,13,,,,-4000,0,0,-4000,,,
2026-10-08,6923,中台,TWSE,73.7,73.8,73,73.4,0,54561,3991224,42,17.95,,,-11000,0,0,-11000,1643,10,0
2026-10-08,6924,榮惠-KY創,TWSE,133,133.5,130.5,133.5,2.5,31046,4077526,50,16.05,,,3000,0,0,3000,,,
2026-10-08,6928,攸泰科技,TWSE,45,45,44,45,0,24760,1102778,31,,,,-800,0,0,-800,695,-2,4
2026-10-08,6931,青松健康,TWSE,38.05,38.05,37.75,37.95,-0.15,48850,1853499,48,10.07,,,2000,0,0,2000,103,-2,0
2026-10-08,6933,AMAX-KY,TWSE,380,384,372,382,-3.5,736402,277593409,1237,47.39,,,23029,0,-1242,21787,2251,56,21
2026-10-08,6934,心誠鎂,TWSE,73.4,74,73.4,73.6,0,12070,889578,15,,,,0,0,0,0,595,-2,0
2026-10-08,6936,永鴻生技,TWSE,32,32.45,32,32.4,0.2,18724,603684,26,14.59,,,-6000,0,0,-6000,265,5,0
2026-10-08,6937,天虹,TWSE,290.5,292,285,286.5,-6,311005,89286138,648,63.24,,,-47988,0,-5945,-53933,1706,-18,14
2026-10-08,6944,兆聯實業,TWSE,908,918,858,860,-48,967273,847439411,4740,21.37,,,-235459,0,-22355,-257814,1007,-91,22
2026-10-08,6947,台鎔科技,TWSE,67.7,68.4,67,68,-0.1,168546,11418491,158,34.17,,,-16000,0,0,-16000,,,
2026-10-08,6949,沛爾生醫*-創,TWSE,45.65,47.15,44.95,46.85,1.55,2298157,105874645,1232,,,,262366,0,-240376,21990,107965,19,327
2026-10-08,6951,青新-創,TWSE,69,69,67.8,68,-1,95846,6540345,367,10.99,,,-10173,0,5921,-4252,24,0,0
2026-10-08,6952,大武山,TWSE,38.6,39.1,38.6,38.95,-0.15,10282,398998,9,30.67,,,-1000,0,0,-1000,15,-5,0
2026-10-08,6955,邦睿生技-創,TWSE,93,93,93,93,0,3132,291250,6,21.38,,,1000,0,0,1000,,,
2026-10-08,6957,裕慶-KY,TWSE,444,450,430.5,448,4,404742,180386394,664,38.52,,,-104000,0,2000,-102000,2177,13,352
2026-10-08,6958,日盛台駿,TWSE,16.7,16.7,16.65,16.65,-0.1,16492,275192,21,,,,-4000,0,0,-4000,101,0,0
2026-10-08,6958A,日盛台駿甲特,TWSE,21.4,21.4,21.4,21.4,0,3000,64200,2,,,,,,,,,,
2026-10-08,6962,奕力-KY,TWSE,32.8,32.8,31.95,32,-0.9,1729057,55799772,1029,21.92,,,-327898,0,-19052,-346950,8722,48,12
2026-10-08,6965,中傑-KY,TWSE,63.4,65.9,63.4,65.8,2.9,101060,6584065,94,111.53,,,3000,0,0,3000,34,0,0
2026-10-08,6969,成信實業*-創,TWSE,30.25,30.5,30.05,30.2,-0.35,62648,1893701,45,335.56,,,7000,0,870,7870,,,
2026-10-08,6988,威力暘-創,TWSE,12.85,13,12.5,12.55,-0.3,129600,1647280,50,,,,-11000,0,3400,-7600,,,
2026-10-08,6994,富威電力,TWSE,30.25,30.5,29.85,30.2,-0.05,525615,15854511,324,5.53,,,-89000,0,0,-89000,2999,7,9
2026-10-08,7610,聯友金屬-創,TWSE,1810,1810,1695,1700,-105,865761,1511154635,5640,48.79,,,-155086,0,31691,-123395,,,
2026-10-08,7631,聚賢研發-創,TWSE,139,140,139,139,-1.5,34401,4789930,45,13.16,,,2980,0,900,3880,393,3,0
2026-10-08,7689,大鵬科CLMX,TWSE,156,158.5,154,156,-1.5,67882,10565357,205,13.12,,,-26010,0,0,-26010,,,
2026-10-08,7705,三商餐飲,TWSE,29.75,29.9,29.7,29.7,-0.05,34846,1037667,63,12.22,,,-15000,0,0,-15000,102,0,0
2026-10-08,7711,永擎,TWSE,632,639,623,635,3,617238,389136024,1293,27.95,,,2802,0,-2540,262,2176,30,43
2026-10-08,7721,微程式,TWSE,60.7,63.5,60.1,61.1,-0.3,58173,3561346,65,67.14,,,-10000,0,1000,-9000,1037,-2,0
2026-10-08,7722,LINEPAY,TWSE,270,270,264,264,-6,37190,9889288,348,31.43,,,-8063,0,-808,-8871,368,-3,0
2026-10-08,7730,暉盛-創,TWSE,197,207,192,201.5,6,259520,52195754,435,113.2,,,-29000,0,-376,-29376,582,57,0
2026-10-08,7732,金興精密,TWSE,33.55,33.55,33.05,33.55,0,6000,200200,6,17.66,,,-1000,0,0,-1000,61,0,0
2026-10-08,7736,虎山,TWSE,71.8,72,70.7,70.7,-1.1,57098,4060996,30,12.76,,,-15000,0,0,-15000,62,-1,0
2026-10-08,7740,熙特爾-創,TWSE,107,118.5,104,118.5,10.5,411485,46960670,399,14.7,,,-8931,0,727,-8204,2507,33,0
2026-10-08,7749,意騰-KY,TWSE,369,372,359,364,-27,619116,224785473,1179,25.17,,,-113044,0,-1077,-114121,1127,-12,1
2026-10-08,7750,新代,TWSE,1995,2000,1960,1975,-20,81665,161625100,716,33.95,,,-27524,1000,-4209,-30733,685,4,0
2026-10-08,7760,享溫馨,TWSE,32.5,33,32.5,33,0.45,15043,491409,8,49.25,,,,,,,,,
2026-10-08,7765,中華資安,TWSE,236.5,237,234.5,236,1,57356,13526135,148,20.58,,,224,0,0,224,558,-2,0
2026-10-08,7768,頌勝科技,TWSE,297.5,303,297,300,-0.5,56469,16918978,155,64.38,,,4000,0,0,4000,,,
2026-10-08,7769,鴻勁,TWSE,5880,6050,5880,5925,40,579791,3463061795,5239,61.17,,,79295,8679,402,88376,736,22,9
2026-10-08,7780,大研生醫*,TWSE,16.15,16.6,16.1,16.55,0.4,2005178,32951370,1421,31.23,,,369657,0,-36665,332992,340,3,0
2026-10-08,7786,東方風能,TWSE,116.5,117.5,116,116,-0.5,80580,9388676,92,10.88,,,-16978,0,1000,-15978,290,3,0
2026-10-08,7788,松川精密,TWSE,313,316,303,305,-24,3369555,1037709245,4949,36.7,,,-693628,0,-103694,-797322,2860,-7,63
2026-10-08,7791,皇家可口,TWSE,53.2,53.9,53.2,53.9,0.1,7899,424080,31,12.93,,,-1000,0,0,-1000,12,0,0
2026-10-08,7795,長廣,TWSE,541,542,525,525,-20,671445,355408379,1371,232.3,,,-56447,0,-7367,-63814,1850,-63,7
2026-10-08,7799,禾榮科,TWSE,516,518,503,518,2,281792,143848147,783,,,,-2847,1000,0,-1847,2256,-98,38
2026-10-08,7803,雲象科技-創,TWSE,17.5,17.5,17,17.4,-0.1,101445,1737269,73,,,,-6000,0,3000,-3000,,,
2026-10-08,7812,稜研科技*-創,TWSE,64.9,66.3,64.4,64.9,-0.1,76521,4971284,75,,,,-11000,0,0,-11000,,,
2026-10-08,7818,溢泰實業,TWSE,61.1,61.1,60.8,61,0,4460,271960,83,12.73,,,0,0,0,0,,,
2026-10-08,7821,神數,TWSE,35,35.5,35,35.1,0.1,89757,3159848,113,11.47,,,20910,0,0,20910,,,
2026-10-08,7822,倍利科,TWSE,935,969,919,948,-2,257409,242198573,1066,53.5,,,43325,0,407,43732,25,25,0
2026-10-08,7823,奧義賽博-KY創,TWSE,78.7,80,78.7,79.9,1.2,31040,2468672,29,,,,0,0,40,40,14,0,0
2026-10-08,7827,漢康-KY創,TWSE,164.5,170.5,163.5,169,3.5,433516,72755868,632,,,,187996,0,-5167,182829,,,
2026-10-08,7835,永悅健康-創,TWSE,19.6,20.7,19.6,19.6,-0.2,56020,1107098,24,,,,-23000,0,7000,-16000,,,
2026-10-08,7855,和運租車,TWSE,41.85,42.05,41.45,41.6,-0.3,474175,19767448,597,8.79,,,27589,0,1000,28589,,,
2026-10-08,8011,台通,TWSE,16.7,17,16.5,16.55,-0.35,1087568,18155663,650,22.36,,,-4000,0,4000,0,3442,41,13
2026-10-08,8016,矽創,TWSE,289.5,291.5,288,291,1.5,317211,91937415,788,14.54,,,4028,38000,2252,44280,1214,34,4
2026-10-08,8021,尖點,TWSE,553,568,544,557,1,8750429,4880190675,11489,112.3,,,156036,107000,-174763,88273,13578,428,59
2026-10-08,8028,昇陽半導體,TWSE,285,287,280,285,0,2732367,776581166,4094,51.08,,,-432147,0,-73913,-506060,7942,-99,98
2026-10-08,8033,雷虎,TWSE,172,172.5,170,170.5,-3.5,1482716,253624184,2145,355.21,,,-164972,-6000,-102,-171074,6331,-30,215
2026-10-08,8039,台虹,TWSE,306.5,331.5,302.5,305.5,1,60218434,19025103653,55474,96.98,,,-568409,16000,-463922,-1016331,29475,125,1238
2026-10-08,8045,達運光電,TWSE,56.8,58.1,55.7,57.1,1.2,178364,10212694,162,66.4,,,-20000,0,0,-20000,5007,-11,0
2026-10-08,8046,南電,TWSE,1480,1490,1435,1475,-5,5362616,7856618340,11878,173.33,,,392970,-15992,-63863,313115,8097,-411,768
2026-10-08,8070,長華*,TWSE,51.6,51.9,50.5,50.5,-1,2105672,107700095,2037,29.88,,,-1107960,600000,9671,-498289,5257,35,20
2026-10-08,8072,陞泰,TWSE,26.9,27.05,26.7,26.9,0,110713,2967531,121,16.2,,,-33000,0,0,-33000,1662,-1,0
2026-10-08,8081,致新,TWSE,264.5,264.5,260.5,262,-0.5,289186,75778891,677,14.25,,,-345,42000,-381,41274,1525,10,0
2026-10-08,8101,華冠,TWSE,10.3,10.3,10.3,10.3,0.1,1037,10677,4,,,,,,,,0,0,0
2026-10-08,8103,瀚荃,TWSE,117,119,114,114.5,-3.5,1873084,217085218,2117,20.02,,,88036,0,-45424,42612,6592,-562,166
2026-10-08,8104,錸寶,TWSE,30.95,31,30.8,30.95,0,201815,6241527,221,,,,44344,0,0,44344,3583,-10,8
2026-10-08,8105,凌巨,TWSE,15.05,15.15,14.95,15,-0.15,1396190,21002131,574,17.44,,,217104,0,-1162,215942,11921,26,360
2026-10-08,8110,華東,TWSE,49.6,50.4,49.2,49.25,-0.25,4667940,231912384,3634,9.04,,,-70000,0,29137,-40863,16235,-110,219
2026-10-08,8112,至上,TWSE,85.6,86.3,84.8,85.1,1.4,11966132,1021541585,8950,6.44,,,-2446197,-16000,-65819,-2528016,17497,-129,1456
2026-10-08,8112A,至上甲特,TWSE,45.5,45.55,45.4,45.55,-0.05,15600,708650,11,,,,,,,,,,
2026-10-08,8114,振樺電,TWSE,177,179,175,177.5,0,300621,53237198,461,12.65,,,26036,-1000,38,25074,1336,-12,1
2026-10-08,8131,福懋科,TWSE,68.2,71,67.2,68,-0.2,8158662,558539608,7253,19.71,,,-1668962,0,-30674,-1699636,5356,263,134
2026-10-08,8150,南茂,TWSE,126,129.5,124,128,-0.5,36975958,4695449957,24037,39.88,,,1912520,24000,-239246,1697274,24209,-604,1636
2026-10-08,8162,微矽電子-創,TWSE,64.9,69.5,64.2,67.6,2.7,781643,53104713,590,50.45,,,149916,0,-808,149108,2041,-18,3
2026-10-08,8163,達方,TWSE,30,30,29.65,29.85,-0.05,448821,13375110,359,49.75,,,43098,0,151,43249,2703,18,2
2026-10-08,8201,無敵,TWSE,16.75,17,16.3,16.85,0.1,360457,6066939,267,,,,2000,0,0,2000,0,0,0
2026-10-08,8210,勤誠,TWSE,872,884,867,874,2,1544968,1356302930,5494,22.91,,,-466922,0,10813,-456109,5270,130,12
2026-10-08,8213,志超,TWSE,37.75,39.4,37.6,38.35,0.65,5985271,229732423,4157,19.47,,,531678,0,-4068,527610,5196,1875,2
2026-10-08,8215,明基材,TWSE,27.9,28.4,27.75,28,0.05,556484,15604863,503,,,,-59880,-5000,-14539,-79419,3604,-56,48
2026-10-08,8222,寶一,TWSE,35,35.3,34.85,35.1,0.05,94976,3334514,133,26,,,-17000,0,0,-17000,2805,-15,4
2026-10-08,8249,菱光,TWSE,39.5,39.5,39.15,39.3,-0.4,76762,3018150,236,19.26,,,22331,0,0,22331,3650,-6,3
2026-10-08,8261,富鼎,TWSE,189.5,191.5,180,180.5,-10.5,5462990,1001878659,7023,27.06,,,-454398,-3000,-104970,-562368,6928,556,52
2026-10-08,8271,宇瞻,TWSE,201,203,199.5,199.5,-2.5,1208046,242196597,1587,4.96,,,-607113,0,-5017,-612130,5821,3,415
2026-10-08,8341,日友,TWSE,73.6,73.8,73.5,73.8,0.2,102150,7525320,176,14.08,,,-1000,0,0,-1000,287,1,0
2026-10-08,8367,建新國際,TWSE,40.9,40.95,40.8,40.9,0,20150,822852,14,12.98,,,3000,0,0,3000,13,0,0
2026-10-08,8374,羅昇,TWSE,75.6,75.6,74.1,74.1,-1.5,214404,15980004,368,,,,0,0,-1600,-1600,1546,17,1
2026-10-08,8404,百和興業-KY,TWSE,13.5,14.2,13.4,14,0.5,458957,6372902,308,16.67,,,-119560,0,-2000,-121560,2769,-14,40
2026-10-08,8411,福貞-KY,TWSE,11.6,11.75,11.4,11.75,0.05,324636,3735404,149,34.56,,,-1000,0,-28000,-29000,151,0,0
2026-10-08,8422,可寧衛*,TWSE,25.65,25.65,25.3,25.55,-0.05,2660616,67695507,1866,26.61,,,93000,3000,-202432,-106432,23233,-133,91
2026-10-08,8429,金麗-KY,TWSE,5.89,5.9,5.89,5.9,0.01,60472,356322,94,65.56,,,-1000,0,0,-1000,13965,-7,0
2026-10-08,8438,昶昕,TWSE,81.8,81.8,80.3,80.9,-0.8,264166,21372851,287,22.35,,,-136500,0,0,-136500,3410,-17,4
2026-10-08,8442,威宏-KY,TWSE,47.4,49.55,47.15,48.6,2.5,318018,15317618,282,15.63,,,99000,-591,-2000,96409,662,-3,15
2026-10-08,8443,阿瘦,TWSE,10.95,11.15,10.85,11.15,0,54505,596776,140,,,,0,0,0,0,28,0,0
2026-10-08,8454,富邦媒,TWSE,241.5,243,240.5,241,-3.5,147995,35773140,801,23.2,,,-2923,1000,84,-1839,1465,52,9
2026-10-08,8462,柏文,TWSE,157,157,155,156,-2,123340,19219588,301,14.94,,,-83317,0,0,-83317,1136,2,1
2026-10-08,8463,潤泰材,TWSE,21.25,21.25,21.15,21.2,-0.05,12094,256462,13,10.71,,,2000,0,0,2000,77,0,0
2026-10-08,8464,億豐,TWSE,361.5,368,361.5,366.5,1,226161,82606009,314,16.01,,,2440,6000,10992,19432,56,-4,0
2026-10-08,8466,美吉吉-KY,TWSE,15.05,15.1,15,15.05,-0.3,18675,280999,22,,,,-4000,0,0,-4000,1203,0,0
2026-10-08,8467,波力-KY,TWSE,90.7,90.7,90.7,90.7,-0.8,5019,455228,17,14.06,,,1000,0,0,1000,170,-2,0
2026-10-08,8473,山林水,TWSE,40.15,40.15,39.65,39.8,-0.3,256748,10228760,260,11.54,,,3395,0,0,3395,3276,-11,1
2026-10-08,8476,台境*,TWSE,20.9,21.5,20.9,21.4,0.5,546159,11618564,292,76.43,,,201000,-5000,-1000,195000,19164,70,114
2026-10-08,8478,東哥遊艇,TWSE,140,140,138.5,140,0.5,72091,10050618,119,9.74,,,14999,0,0,14999,865,-3,0
2026-10-08,8481,政伸,TWSE,40.5,40.6,40.45,40.6,0.1,4003,162224,6,11.98,,,,,,,3,0,0
2026-10-08,8482,商億-KY,TWSE,49.2,50.1,49.2,50.1,2.1,2002,99395,3,16.93,,,1000,0,0,1000,123,1,0
2026-10-08,8487,愛爾達-創,TWSE,70,70.1,70,70.1,0.1,4028,282166,19,13.2,,,1000,0,-1,999,40,0,0
2026-10-08,8488,吉源-KY,TWSE,,,,,,0,0,0,,,,,,,,23,-4,0
2026-10-08,8499,鼎炫-KY,TWSE,253,253.5,251,253.5,1,5903,1489115,22,23.85,,,2000,0,0,2000,606,0,0
2026-10-08,8926,台汽電,TWSE,60.4,61.7,60,61.1,0.8,2999066,183032156,3308,16.79,,,93684,0,53373,147057,6372,26,37
2026-10-08,8940,新天地,TWSE,15.2,15.2,15.15,15.15,0,7334,111254,30,28.58,,,3000,0,0,3000,97,0,0
2026-10-08,8996,高力,TWSE,1640,1710,1600,1710,65,1086148,1823891825,3611,115.15,,,314650,-5000,17153,326803,8609,-200,134
2026-10-08,9103,美德醫療-DR,TWSE,5.75,5.88,5.5,5.88,0.53,7803349,45603794,1193,,,,690000,0,304496,994496,3787,77,89
2026-10-08,910322,康師傅-DR,TWSE,23.5,24.55,23.5,24.35,0.85,27711,670255,56,,,,19000,0,0,19000,0,0,0
2026-10-08,9105,泰金寶-DR,TWSE,8.88,8.88,8.61,8.63,-0.26,18344344,159131479,4917,,,,-7596900,0,-190914,-7787814,46074,-1546,258
2026-10-08,910861,神州-DR,TWSE,4.57,4.6,4.51,4.51,-0.05,26249,119750,24,,,,-2000,0,0,-2000,0,0,0
2026-10-08,9110,越南控-DR,TWSE,3.12,3.6,3.05,3.45,0.07,261000,833840,71,,,,,,,,,,
2026-10-08,911608,明輝-DR,TWSE,2.72,2.73,2.66,2.66,-0.01,20000,54000,13,,,,-2000,0,0,-2000,,,
2026-10-08,911622,泰聚亨-DR,TWSE,3.64,3.7,3.63,3.7,-0.01,25000,91370,15,,,,,,,,,,
2026-10-08,911868,同方友友-DR,TWSE,1.16,1.16,1.15,1.16,0,49102,57004,24,,,,,,,,0,0,0
2026-10-08,912000,晨訊科-DR,TWSE,2.43,2.45,2.41,2.43,-0.02,98000,238020,40,,,,-19000,0,0,-19000,14664,20,0
2026-10-08,9136,巨騰-DR,TWSE,9.6,9.78,9.2,9.2,-0.15,194700,1816912,70,,,,-82000,0,700,-81300,11478,0,0
2026-10-08,9802,鈺齊-KY,TWSE,66,66,65.4,65.9,0,168231,11058071,291,13,,,-27359,0,1000,-26359,1890,-25,7
2026-10-08,9902,台火,TWSE,13.5,13.55,13.2,13.3,0.25,280002,3738922,192,22.93,,,8000,0,10500,18500,2811,-1,1
2026-10-08,9904,寶成,TWSE,24.85,25.15,24.85,25.05,0.1,15263114,382035651,4640,5.31,,,6440372,62000,125605,6627977,23789,-2709,7
2026-10-08,9905,大華,TWSE,21.25,21.35,21.2,21.35,0.1,60184,1280184,26,13.02,,,1000,0,0,1000,23,0,0
2026-10-08,9906,欣巴巴,TWSE,40.65,41.4,39.05,39.15,-0.85,103039,4129470,179,11.41,,,-50000,0,0,-50000,352,-4,0
2026-10-08,9907,統一實,TWSE,14.85,14.9,14.75,14.8,0,666238,9861705,438,15.58,,,196292,-16139,0,180153,3449,-1,2
2026-10-08,9908,大台北,TWSE,28.9,29.05,28.9,28.95,-0.1,134859,3906120,63,13.79,,,10000,0,0,10000,203,-15,0
2026-10-08,9910,豐泰,TWSE,66.1,66.5,66.1,66.3,0,579470,38407376,685,13.48,,,-3861,-18000,-9226,-31087,2172,133,3
2026-10-08,9911,櫻花,TWSE,81.3,81.5,81.2,81.3,0,155628,12644497,322,12.6,,,-11947,1000,0,-10947,383,1,0
2026-10-08,9912,偉聯,TWSE,13.05,13.05,12.95,12.95,-0.1,7981,103338,34,,,,-3000,0,1000,-2000,0,0,0
2026-10-08,9914,美利達,TWSE,66.2,68.3,66.2,67.8,0.4,1344406,90622505,1425,19.65,,,67000,0,23663,90663,2679,-25,5
2026-10-08,9917,中保科,TWSE,106,106.5,106,106.5,0,346328,36790116,428,15.52,,,165257,-58000,0,107257,38,-6,0
2026-10-08,9918,欣天然,TWSE,42.9,42.9,42.9,42.9,-0.1,3398,145691,21,16.07,,,0,0,0,0,48,0,0
2026-10-08,9919,康那香,TWSE,15,16.1,14.8,16.1,1.45,5225365,82948132,2078,,,,-18000,0,-1000,-19000,7821,-111,1
2026-10-08,9921,巨大,TWSE,91.3,92.9,91,92.8,1,1012670,93439585,1499,59.87,,,250092,1000,500,251592,1241,-56,25
2026-10-08,9924,福興,TWSE,38.1,38.2,37.95,37.95,0,44749,1702343,70,10.4,,,4000,0,0,4000,747,0,0
2026-10-08,9925,新保,TWSE,39.4,39.5,39.4,39.4,0,155595,6131813,150,13.05,,,-39000,0,0,-39000,14,1,0
2026-10-08,9926,新海,TWSE,49.2,49.2,48.8,49.05,0.05,6026,295074,13,17.21,,,1000,0,0,1000,6,0,0
2026-10-08,9927,泰銘,TWSE,62.5,62.5,61.7,62,-0.5,243985,15141224,283,10.42,,,-17000,0,0,-17000,78,1,0
2026-10-08,9928,中視,TWSE,17.85,17.85,17.7,17.8,-0.05,22121,393365,17,,,,,,,,435,1,0
2026-10-08,9929,秋雨,TWSE,12.05,12.5,11.3,11.3,-1.25,245358,2854247,225,23.06,,,-8000,0,2000,-6000,0,0,0
2026-10-08,9930,中聯資源,TWSE,58.7,58.7,58.1,58.4,-0.3,138579,8076553,352,13.21,,,10000,0,436,10436,19,-1,0
2026-10-08,9931,欣高,TWSE,33.9,34,33.8,34,0,19102,646760,23,11.85,,,1000,0,0,1000,76,0,0
2026-10-08,9933,中鼎,TWSE,43.25,43.85,42.75,43.1,-0.45,4461467,193276565,3815,7.95,,,-169537,-3800,78000,-95337,5916,-498,153
2026-10-08,9934,成霖,TWSE,9.8,9.86,9.79,9.83,0.01,218212,2141793,108,39.32,,,-13000,0,0,-13000,5453,-34,0
2026-10-08,9935,慶豐富,TWSE,18.3,18.3,18,18.15,-0.1,304695,5516782,196,7.35,,,-125000,-2090,0,-127090,1333,1,0
2026-10-08,9937,全國,TWSE,55.2,55.2,55.2,55.2,0.7,2121,117126,6,21.48,,,2000,0,0,2000,136,0,0
2026-10-08,9938,百和,TWSE,39,39.7,39,39.55,0.4,803084,31681762,627,12.17,,,358551,-6262,-4693,347596,3707,156,4
2026-10-08,9939,宏全,TWSE,126.5,128,126.5,128,0.5,424614,54070837,492,11.64,,,-37105,1000,0,-36105,1065,-6,4
2026-10-08,9940,信義,TWSE,20.1,20.1,19.95,20,0,201424,4029166,103,20.41,,,-87796,0,0,-87796,1306,4,0
2026-10-08,9941,裕融,TWSE,76.3,76.7,76.1,76.6,0.3,498131,38078245,1058,10.93,,,189000,0,-3000,186000,601,-3,3
2026-10-08,9941A,裕融甲特,TWSE,48.7,48.85,48.7,48.8,0.15,21027,1025956,25,,,,,,,,,,
2026-10-08,9942,茂順,TWSE,113,113.5,113,113,0,39182,4435514,85,12.38,,,-9000,0,0,-9000,52,0,0
2026-10-08,9943,好樂迪,TWSE,50.1,50.5,50,50.2,0.1,37090,1862510,72,12.24,,,2000,0,0,2000,72,1,0
2026-10-08,9944,新麗,TWSE,17.15,17.35,17.15,17.35,0.1,51133,883157,61,27.98,,,-10000,0,0,-10000,5567,3,0
2026-10-08,9945,潤泰新,TWSE,29.45,30.05,29.45,29.8,0.5,9925625,295534447,4269,5.21,,,3535621,35000,321866,3892487,16893,-131,25
2026-10-08,9946,三發地產,TWSE,16.75,16.75,16.5,16.55,-0.1,245171,4062697,130,3.55,,,66000,-7000,0,59000,791,-2,0
2026-10-08,9955,佳龍,TWSE,23.95,24.8,23.95,24.1,0.2,465092,11371682,431,12.62,,,109642,0,0,109642,1163,-9,137
2026-10-08,9958,世紀鋼,TWSE,89.4,89.6,89,89.1,0.1,551640,49180114,691,12.66,,,-146052,0,-9000,-155052,8549,33,15
